path_idx,W_final,improvement,sl_improvement
0,449.8463,582.6411,-415.0847
1,153.5277,218.3958,-76.4692
2,220.9228,635.4267,-609.5246
3,4799.4983,5934.6714,0.0
4,361.3561,412.8882,-105.3646
5,690.5638,701.5401,-6.6777
6,326.7417,348.9083,-11.8417
7,389.0111,458.6828,-37.3609
8,195.6907,220.4554,-105.1044
9,251.6061,277.0947,-39.5814
10,328.332,355.2287,-99.9677
11,523.816,615.1538,-145.5769
12,287.7902,346.787,-120.0327
13,418.023,454.3937,-82.9607
14,264.091,549.204,-201.2518
15,176.2388,530.0054,0.0
16,437.1996,643.4749,0.0
17,228.0296,244.5775,-70.92
18,152.0964,201.5313,-30.3837
19,776.9399,937.8078,0.0
20,416.404,500.0347,0.0
21,272.7396,277.8443,29.8645
22,55.8514,104.7676,-204.8043
23,277.8849,310.686,-138.4721
24,-1048.5277,-178.2575,0.0
25,56.1466,74.5932,-41.6169
26,191.7898,331.7333,-75.9623
27,333.9421,353.1939,-9.0779
28,746.9782,795.667,-55.2181
29,104.9426,142.1022,-126.9518
30,518.0192,582.3411,-147.2208
31,138.374,173.8301,-65.328
32,103.0666,156.0586,-115.9661
33,871.3725,960.6817,0.0
34,-31.3064,1.9955,-70.8537
35,300.2226,319.4898,-10.5089
36,1150.4993,1203.3058,-81.8967
37,509.7319,539.4468,-111.7105
38,212.1528,321.9323,-280.5076
39,14.8926,48.1252,-81.3891
40,325.5673,447.5443,-210.7978
41,474.5226,641.2165,-63.3566
42,91.7922,421.5214,-493.9002
43,253.8786,386.2409,0.0
44,63.682,84.8105,-32.8293
45,313.8124,410.4125,-149.4034
46,795.4006,837.4709,-109.5991
47,41.1713,94.9175,-133.7438
48,2388.35,2518.5381,-179.7206
49,81.405,91.5236,7.8055
50,121.3814,173.652,-172.069
51,230.6868,244.2077,-75.6885
52,-105.7511,15.0144,-354.2017
53,1405.0014,1830.8376,0.0
54,307.9568,312.0689,68.2993
55,17.749,72.1857,-179.0788
56,966.1641,1196.9339,0.0
57,1334.5585,1533.2713,-212.6378
58,120.9095,138.2365,-63.171
59,162.8354,171.0896,17.5421
60,117.3618,300.938,-337.9843
61,370.8194,526.5971,0.0
62,172.2674,192.7795,-68.6536
63,559.969,608.8689,-49.4093
64,255.143,304.2411,-90.1615
65,709.684,736.0969,0.0
66,361.9453,390.1696,-52.513
67,211.8267,220.1398,-29.3922
68,-1333.4083,-268.9702,0.0
69,22.5359,25.1667,59.4146
70,118.5757,391.6132,0.0
71,424.239,458.3368,-58.6821
72,1555.3759,2098.9853,0.0
73,406.0217,422.8941,0.0
74,1085.4052,1152.1483,-35.1632
75,-2.9358,119.1428,-314.3033
76,483.1282,571.2248,-164.8324
77,219.9247,237.5079,-61.3021
78,70.8094,103.0928,-112.7049
79,558.261,606.6254,0.0
80,204.1848,226.3318,-91.3286
81,238.944,503.6715,-494.8591
82,462.0194,582.593,-303.146
83,410.6102,475.2006,-82.755
84,56.1277,65.0274,38.4834
85,142.2543,473.951,-554.0645
86,995.1367,1052.3045,0.0
87,502.0537,510.1852,14.5701
88,153.1861,176.6278,-44.2677
89,-44.6512,196.0841,-910.0235
90,366.8249,383.4927,-67.7477
91,41.3269,74.9197,-65.4208
92,12.0777,35.9421,-47.0485
93,420.0893,521.9957,0.0
94,1057.9943,1224.5335,0.0
95,174.936,179.4211,28.4153
96,939.2105,1029.4289,-148.2977
97,807.4464,1005.9365,-262.6604
98,292.946,533.7981,0.0
99,277.2337,295.126,-45.0404
100,1372.4908,1439.2303,0.0
101,514.4972,535.1914,0.0
102,249.9172,396.5201,0.0
103,118.2585,129.5244,-18.6701
104,488.2344,576.9875,-221.7831
105,180.8293,307.651,-508.4333
106,617.3684,728.254,0.0
107,759.0483,784.235,0.0
108,-204.8367,30.0182,-68.3094
109,415.7347,531.714,0.0
110,775.9693,804.5577,-19.7497
111,108.1806,118.859,-6.4569
112,22.2859,65.0568,-154.3339
113,942.6161,988.2283,-59.6054
114,746.0594,773.7495,0.0
115,769.4979,856.6598,0.0
116,-1.492,190.3692,0.0
117,4381.8055,4924.6943,0.0
118,89.2231,94.7515,61.0319
119,559.6536,640.5303,-88.4736
120,257.9679,270.0676,-44.8353
121,235.0509,271.7843,-114.0315
122,285.3527,392.709,-120.6185
123,376.8782,392.8127,-17.6834
124,65.3029,137.8105,-271.5633
125,188.2478,195.3515,8.6982
126,238.7522,268.3299,-120.9474
127,12.2906,20.3581,44.817
128,142.7958,222.3425,-151.077
129,139.827,143.5596,26.3766
130,115.9061,191.2419,-188.3996
131,823.7065,843.9468,0.0
132,204.73,342.8438,-297.1289
133,2413.21,2761.9333,0.0
134,59.2629,63.4358,26.0275
135,113.1301,196.2314,-92.9621
136,944.1307,986.657,-46.7471
137,146.8815,157.6284,-47.1457
138,85.6979,111.5495,-73.2091
139,1241.5427,1371.7057,0.0
140,398.2897,454.8871,0.0
141,134.4943,144.6101,-17.4023
142,200.7898,220.1454,-58.1491
143,811.4709,982.352,-188.4512
144,387.1066,393.9338,28.7293
145,731.0278,1091.1672,0.0
146,131.3378,358.9073,-381.2968
147,201.0472,246.4475,-70.9769
148,230.4325,239.9221,-5.2141
149,563.8212,866.9523,-204.3279
150,-27.2599,39.1408,-156.9778
151,59.6778,74.7859,-37.0974
152,-239.2845,-38.1224,-511.7526
153,102.8213,203.5413,-288.3497
154,565.1008,625.2451,0.0
155,1216.7273,1303.2629,0.0
156,1526.4221,1669.5692,-133.2088
157,187.6256,253.8302,-55.5296
158,20.561,26.6351,45.7979
159,786.1035,1042.7291,0.0
160,63.6883,69.1492,27.7492
161,304.0436,333.2539,-24.6708
162,15.5082,58.8933,-67.2301
163,-802.4119,-9.3162,-1159.5927
164,1337.5321,1502.413,-729.4693
165,434.9054,514.4024,-294.6179
166,578.0998,690.8289,-186.798
167,866.7223,925.4894,0.0
168,377.8014,388.495,-5.7335
169,686.1402,834.0484,0.0
170,301.1335,305.7239,56.4902
171,355.8196,400.5679,0.0
172,337.1199,396.7054,-111.5749
173,731.643,823.9134,0.0
174,394.0268,446.9726,-18.8666
175,562.7016,718.0641,-57.2735
176,360.6922,412.1588,-95.1863
177,553.1148,670.1176,-67.1501
178,28.895,38.1984,26.6924
179,1156.5243,1246.3812,-141.2424
180,184.506,195.8747,-7.2736
181,154.0621,205.4656,-133.3911
182,327.3548,337.4305,13.9168
183,341.0459,489.7836,-350.7135
184,988.3082,1049.5836,-68.0794
185,234.385,244.5518,-4.3736
186,87.2171,98.9447,-13.955
187,524.0464,535.1578,6.9979
188,201.3346,218.2405,-42.4231
189,253.8805,261.3505,2.2085
190,283.1595,403.5684,-258.7968
191,1117.6623,1144.2467,-18.8558
192,59.6775,403.2796,0.0
193,259.6503,277.3154,-76.9779
194,310.0186,554.6558,0.0
195,208.6448,343.3712,-471.985
196,246.4987,291.8348,-32.9427
197,1033.7421,1058.4189,0.0
198,336.0414,362.0554,-39.056
199,1123.3137,1365.1133,0.0
200,1808.8386,1877.8394,-60.1533
201,777.7219,894.3499,-160.5299
202,2712.0926,3162.6354,0.0
203,160.4858,182.4084,-104.5763
204,444.8963,487.1325,0.0
205,669.4092,778.0282,0.0
206,541.5244,790.9468,-181.2386
207,1220.9486,1384.1073,0.0
208,127.1494,154.7765,-63.9341
209,254.9368,690.1966,0.0
210,122.196,141.1871,-94.2895
211,1167.3443,1305.8029,-99.7357
212,472.223,703.739,0.0
213,145.5324,215.5189,-124.1742
214,-2436.9612,-910.4226,-399.5931
215,879.9365,905.274,0.0
216,325.0598,386.0293,0.0
217,445.7201,457.0443,24.4544
218,494.2665,531.8122,-98.4399
219,-64.9676,68.6788,-427.1866
220,1796.2063,2145.5745,0.0
221,143.0996,158.848,-47.5119
222,70.289,243.6441,-264.6733
223,486.2649,502.588,-40.3046
224,1386.4278,1513.9776,0.0
225,21.5245,159.78,0.0
226,143.7543,280.5276,0.0
227,189.2962,195.9358,-0.4824
228,1767.2057,2069.6319,0.0
229,408.8452,488.8532,-217.601
230,605.5135,741.4261,0.0
231,188.4012,207.0912,-80.9828
232,270.6942,317.165,-84.8763
233,65.4625,80.7951,-20.7419
234,2362.7655,2680.2588,-351.3432
235,158.0758,163.8839,39.7171
236,82.3949,93.2234,16.855
237,73.3152,80.4222,2.5299
238,232.5161,242.098,-30.3375
239,1205.1163,1285.319,0.0
240,685.6964,777.2325,-34.7908
241,152.5793,260.5867,-162.4826
242,524.6972,574.7514,0.0
243,262.3605,286.6753,-48.8948
244,-941.6644,-377.0612,0.0
245,55.3459,104.822,-192.9735
246,369.7218,456.6544,-95.3772
247,1168.9376,1696.9557,0.0
248,805.5049,966.8893,-146.8764
249,234.2077,246.4449,-36.7146
250,436.8287,710.7372,0.0
251,145.8797,157.2055,6.9309
252,419.6404,450.936,-83.6644
253,644.637,722.3074,-102.7547
254,200.1573,271.3542,-121.5621
255,129.8307,149.5994,-81.9575
256,137.4651,146.664,-9.8319
257,33.8968,60.9203,-40.8961
258,127.552,147.4409,-95.7608
259,238.1015,283.9363,-74.3518
260,1301.326,1470.9286,-380.4058
261,267.6395,302.5461,-19.6846
262,460.4017,536.2964,0.0
263,72.8284,434.7898,0.0
264,1829.9347,2082.6541,0.0
265,527.1821,531.917,60.3029
266,-29.0936,75.9575,-352.7544
267,711.2404,1032.8197,0.0
268,132.6723,142.9915,-40.1941
269,597.5516,681.9849,-173.8006
270,-212.8399,70.4466,0.0
271,611.5017,647.6961,0.0
272,83.2638,103.8879,-72.5319
273,1004.9165,1069.8643,0.0
274,4434.6717,4699.7708,0.0
275,2347.6188,2615.7294,-604.1808
276,341.3834,354.9216,-9.3829
277,322.9273,379.6494,-125.5739
278,102.8227,107.186,55.6067
279,88.0026,135.8341,-180.6426
280,194.3114,250.7774,-48.8846
281,40.5038,41.1291,88.8825
282,299.0754,316.1837,-58.2095
283,295.3977,360.0428,-62.183
284,1442.09,1641.406,0.0
285,9146.3416,10206.036,0.0
286,222.2964,252.7779,-142.3941
287,50.231,430.0949,-364.5313
288,-302.478,-80.8556,-789.6094
289,481.6372,504.9632,-66.0015
290,212.5089,230.7672,-94.838
291,809.1339,917.9331,0.0
292,582.2547,587.6918,24.209
293,565.9722,588.0543,0.0
294,7.3256,129.0042,-205.0345
295,638.2213,738.0714,0.0
296,1644.1029,1758.7542,0.0
297,150.6962,178.2488,-105.3868
298,272.6247,319.9225,0.0
299,210.7328,816.4634,0.0
300,1033.8651,1054.133,0.0
301,792.8931,884.3612,0.0
302,117.0622,147.1744,-87.3054
303,213.8133,259.8366,-25.014
304,525.3172,539.6075,-18.6264
305,138.9666,192.7866,-198.2808
306,1.5359,2.9034,66.9294
307,173.9612,196.2668,-93.8149
308,588.0007,788.0947,0.0
309,173.8102,206.7226,-127.8678
310,277.1081,723.9531,-570.6009
311,128.3183,146.409,-82.8735
312,310.3818,313.7178,77.5257
313,107.7814,117.5878,31.0902
314,152.372,168.8252,-74.775
315,678.6161,697.9739,-33.9833
316,463.7185,693.9921,0.0
317,94.1151,167.7876,-220.7134
318,1064.8443,1146.6466,0.0
319,231.6018,238.1491,18.9378
320,323.1382,389.6311,-186.298
321,65.9985,68.0279,88.2748
322,208.6983,253.5754,-94.9962
323,456.6793,474.3939,-72.3121
324,600.4846,661.4613,0.0
325,265.6536,319.2907,0.0
326,360.9825,397.9802,0.0
327,517.2688,558.0168,0.0
328,152.79,158.2638,3.9197
329,162.5546,166.0173,22.7974
330,199.1742,219.6532,0.0
331,287.5274,289.346,92.5923
332,241.0575,291.1444,-94.3999
333,126.4055,161.9605,-205.2249
334,327.5557,355.1357,-20.1461
335,289.8353,310.0601,-38.8566
336,519.668,550.3324,-61.2045
337,472.5995,489.2886,-25.6982
338,857.3504,920.6023,0.0
339,406.8036,420.1159,-22.9738
340,367.2407,468.469,-338.6116
341,2028.5951,2159.1375,0.0
342,381.9622,421.7155,-99.5328
343,3171.4346,3696.2261,0.0
344,1259.1653,1354.3922,0.0
345,274.1611,304.5455,-33.1131
346,-7.8546,18.7088,-38.4242
347,86.8888,105.3111,-39.6456
348,87.2258,105.3681,-61.3254
349,-275.2593,-17.8076,-496.8823
350,217.6402,224.0195,-17.8933
351,169.5228,182.9887,-26.2976
352,-101.3782,91.9255,-172.3379
353,108.4545,113.0127,62.5505
354,340.6298,433.1829,0.0
355,230.2117,234.7071,76.3206
356,1945.4455,2228.4009,0.0
357,909.001,947.8306,0.0
358,820.3349,930.8245,0.0
359,218.8374,229.6704,-16.5942
360,139.7445,155.3317,-66.6362
361,222.9791,253.0969,-90.9489
362,23.4689,69.3037,-145.9482
363,-19.8716,211.1861,-324.3507
364,224.1915,245.5629,-62.7222
365,67.1126,71.3686,29.9062
366,232.7573,237.6359,45.5391
367,468.1675,891.99,0.0
368,572.2696,654.5166,0.0
369,1830.7685,2135.7093,0.0
370,67.4778,107.9892,-82.5251
371,-36.114,18.1209,-12.9213
372,674.9312,728.6467,0.0
373,278.1512,293.4485,-4.4406
374,-796.5618,-78.7258,-587.7006
375,58.6317,69.1673,-6.9912
376,89.0437,256.7037,-245.5598
377,361.0791,437.2702,-87.1606
378,-112.9559,34.6922,-419.1537
379,844.58,1051.2646,0.0
380,641.3283,681.9387,-24.6664
381,398.5244,526.9046,0.0
382,260.2876,272.9909,-25.9468
383,1172.7227,1268.0205,0.0
384,445.3806,478.4822,-43.792
385,510.9549,589.0428,-185.9921
386,31.0189,39.5705,40.6675
387,334.5197,430.8093,-274.7742
388,299.8874,299.8889,0.0
389,1275.3861,1579.6206,-49.8568
390,50.1159,58.8541,22.9277
391,213.1924,239.0292,-30.8576
392,321.3556,391.9207,-76.4744
393,329.7396,562.5423,-173.8253
394,332.7763,405.0216,0.0
395,787.201,941.7019,0.0
396,299.0138,314.0732,-46.0562
397,792.7565,971.0159,-104.2532
398,184.5986,196.6396,-28.1289
399,13.9919,228.367,-97.7126
400,1804.4948,2063.8139,0.0
401,425.1627,583.0255,-272.5302
402,1275.2005,1334.8954,0.0
403,-1381.6185,-539.0536,-1017.2262
404,1635.1405,1688.341,0.0
405,23.7848,28.6155,64.5161
406,56.887,77.0017,-50.0819
407,64.5167,71.6881,52.9098
408,-25.7971,91.449,-391.3002
409,-10.927,-5.1855,63.1807
410,-42.5492,50.3644,-374.1528
411,462.3165,513.5301,-95.5667
412,315.4363,349.0742,-107.0331
413,54.7925,67.5471,7.8286
414,85.5442,97.8495,-49.5712
415,-120.6503,87.8022,-632.7875
416,699.8426,884.9675,0.0
417,546.6911,566.2341,-26.5242
418,859.8923,924.9868,-106.8594
419,83.4707,91.5341,28.5666
420,715.7201,835.9849,0.0
421,747.1814,785.5771,0.0
422,381.9174,450.2642,0.0
423,149.1548,152.9489,35.94
424,305.6042,358.1397,-150.7968
425,161.4641,238.9033,-270.8571
426,1951.7441,2207.667,0.0
427,142.0535,194.8905,-72.3019
428,177.4776,431.8208,-597.0334
429,490.9836,597.691,0.0
430,-28.6613,7.4164,-69.0109
431,208.3178,241.5858,-99.265
432,1092.3336,1140.5517,0.0
433,461.2667,499.9698,0.0
434,269.7316,283.1858,-46.3719
435,-48.0406,126.241,0.0
436,347.3969,391.2177,-76.959
437,-63.3176,-29.7265,-82.1688
438,53.8948,111.3501,-261.6585
439,774.1735,800.6613,-36.5656
440,415.6966,646.2601,-471.9838
441,183.389,261.605,0.0
442,273.7304,414.7715,0.0
443,211.5286,224.8172,-10.3365
444,525.3017,637.9996,0.0
445,82.4392,90.0197,29.1056
446,-74.7608,10.0174,-328.2902
447,617.1975,641.346,-6.5637
448,205.8535,253.0318,-150.6212
449,111.7926,120.3044,9.3852
450,178.3918,240.8329,-126.0105
451,105.8633,203.4389,-184.3266
452,345.7524,373.9498,0.0
453,194.0457,269.6161,-144.9147
454,49.0585,53.1832,50.0896
455,99.4498,114.5604,-22.4048
456,1101.7964,1151.9446,0.0
457,184.2493,191.8845,-5.1163
458,1876.9728,2002.5481,-100.9598
459,140.6725,157.3091,-73.9502
460,268.0892,291.7321,-64.3655
461,388.9044,414.2341,0.0
462,1292.927,1452.6283,0.0
463,624.9098,708.3815,-70.4679
464,975.8061,1097.3281,0.0
465,388.962,419.5369,-23.8978
466,77.082,187.0038,0.0
467,1312.7312,1423.3739,-66.0605
468,411.6597,426.8647,-26.5456
469,212.5381,249.3349,-185.2484
470,667.8137,826.6999,0.0
471,333.8003,379.6919,-57.4792
472,2685.4893,3009.2154,0.0
473,684.7298,746.5836,0.0
474,301.9193,349.4629,0.0
475,426.1152,448.6787,-47.3923
476,731.2821,1068.829,-535.0554
477,695.1466,749.7519,0.0
478,-499.8695,190.0061,0.0
479,203.3251,332.6986,-304.3751
480,-218.8933,-94.6709,-180.7327
481,191.3405,200.9464,-25.0877
482,1207.6686,1362.7501,0.0
483,11.8846,75.4465,-203.5014
484,1924.506,1976.1262,0.0
485,180.5638,231.2918,-158.0344
486,216.7354,293.3637,-166.4774
487,136.2028,151.1961,-39.2601
488,34.6245,36.4213,23.3445
489,311.4241,329.9646,-72.9213
490,90.9814,243.0395,-21.4047
491,851.0685,871.7836,0.0
492,248.0034,267.3757,-95.2059
493,428.5033,491.0608,-109.3523
494,-30.0335,-18.2106,19.4514
495,-90.9247,15.0677,-459.1647
496,379.4088,401.8097,-52.4415
497,783.6118,920.4057,-67.7089
498,575.6156,593.8354,-7.1681
499,36.053,46.3923,25.8925
500,141.9275,155.3804,-38.8688
501,523.649,566.2763,0.0
502,32.7161,74.7127,-96.936
503,239.6332,251.1333,-27.9603
504,463.9126,654.9588,0.0
505,944.055,1019.2488,0.0
506,577.172,694.7969,-189.8854
507,13.3151,168.0618,0.0
508,67.5462,70.2446,57.3258
509,281.1317,332.8829,0.0
510,281.5799,300.3119,-33.6708
511,454.3375,569.9866,0.0
512,210.6781,234.9268,-86.7889
513,194.6771,227.2847,-68.6314
514,453.035,482.7355,0.0
515,-1906.5504,-744.7837,0.0
516,405.1235,430.9018,0.0
517,8.3394,10.3833,83.7258
518,38.9759,41.7051,60.1106
519,-183.0405,54.5709,-887.0805
520,343.8662,417.2321,0.0
521,250.9254,305.9423,-61.2047
522,245.2681,257.7633,-17.608
523,165.0032,241.1062,-223.671
524,729.1286,832.5867,-36.8675
525,2897.5803,3258.777,-185.0712
526,895.1584,1014.1146,-245.8358
527,1700.6088,2141.5268,0.0
528,-588.4222,-63.5739,-866.7603
529,221.7833,250.1712,-99.6741
530,398.9863,464.3801,0.0
531,-353.682,-143.7874,-715.7649
532,261.8596,313.7687,-138.9657
533,953.686,1081.6014,0.0
534,333.0764,353.3939,-54.216
535,19.8773,27.6781,48.4406
536,5058.8433,6114.8275,0.0
537,1490.4382,1621.9786,0.0
538,1138.3975,1320.3228,0.0
539,143.4848,162.3516,-66.3245
540,54.6344,205.7695,0.0
541,270.2673,295.6972,-117.5512
542,288.1116,307.2543,-28.742
543,248.3815,319.255,0.0
544,381.8149,414.1903,-137.4868
545,261.9789,289.2234,-76.2271
546,124.7221,196.177,-139.7683
547,384.4118,407.6876,-37.2101
548,810.0778,863.2386,-110.6244
549,374.0383,423.1168,0.0
550,-153.3941,17.7299,-425.5455
551,379.9992,457.5013,-163.8205
552,137.9235,178.8031,-97.8944
553,250.747,266.5952,-68.0181
554,323.1179,353.4538,-42.1298
555,144.197,166.3275,-85.8443
556,1281.1151,1414.1349,0.0
557,338.1085,442.83,0.0
558,-1096.9136,1435.1325,0.0
559,415.2573,586.4351,0.0
560,415.1564,480.0631,-212.252
561,96.6256,111.4937,-30.0527
562,279.6774,308.7824,-23.9553
563,3047.164,3198.8351,0.0
564,179.3678,204.2648,-28.7773
565,135.758,142.3366,22.7763
566,1283.6427,2012.8762,0.0
567,69.1219,70.8666,79.2052
568,-64.8914,160.518,0.0
569,382.9737,391.7147,5.2835
570,332.1299,350.9416,-92.6263
571,400.4797,644.7505,-1049.2516
572,420.9469,446.9198,0.0
573,200.1314,343.8796,-48.9303
574,233.6918,240.1896,22.3796
575,555.5534,648.731,0.0
576,728.7929,797.6394,0.0
577,645.0382,709.0808,-112.4834
578,199.8679,268.0446,-247.6521
579,250.6384,390.1462,-171.6027
580,254.1457,447.391,0.0
581,297.0665,395.3084,-67.6754
582,966.7084,1043.2878,0.0
583,569.8782,651.0662,0.0
584,28.0,30.0205,51.6037
585,392.4053,445.851,0.0
586,1277.4385,1370.8252,0.0
587,72.6609,79.7699,0.4372
588,263.9404,265.4685,79.8707
589,637.7313,656.9022,0.0
590,-17.0276,587.5619,0.0
591,36.3578,1366.6342,0.0
592,450.3319,478.6609,0.0
593,129.9438,137.2234,6.7981
594,343.4106,405.7553,-159.4211
595,183.4629,198.512,-3.3131
596,481.8699,507.8645,-76.8642
597,223.0253,269.0737,-100.6761
598,92.6068,119.6937,-49.6478
599,371.1323,498.0328,0.0
600,1591.13,1885.4232,0.0
601,106.9448,148.7708,-164.5543
602,174.1089,205.1641,-12.4419
603,373.9104,439.521,-129.2481
604,121.9125,131.4385,16.5925
605,663.6423,675.9905,-34.5249
606,-351.6189,-88.1424,-777.3753
607,119.3429,134.0167,-33.4413
608,434.8955,486.0268,0.0
609,633.7825,903.7393,-712.8047
610,139.6152,167.6353,-86.0866
611,94.0912,113.2776,-78.0836
612,760.9086,921.8722,0.0
613,817.2265,1053.8194,0.0
614,219.6115,245.9205,-42.8314
615,427.8418,472.8408,0.0
616,229.7704,367.4487,0.0
617,114.1736,158.7007,-104.8421
618,234.2667,264.9937,-98.3063
619,444.978,537.1501,0.0
620,250.8937,318.8013,-214.6432
621,376.2935,415.849,0.0
622,159.8839,165.336,27.2048
623,329.2382,392.4913,-41.4861
624,-467.9679,7.3349,0.0
625,235.4043,249.8829,-60.558
626,541.2751,614.3552,-147.3948
627,-1310.3119,-646.4797,-30.382
628,2557.353,2636.7341,0.0
629,-8.7437,285.9944,0.0
630,535.0987,563.3509,-78.9495
631,601.1979,652.7605,0.0
632,455.5065,514.5558,-128.1332
633,512.2911,541.0599,-21.914
634,520.9748,545.0348,-117.0048
635,658.1183,708.1996,0.0
636,90.53,123.0054,-81.9532
637,124.0397,144.9227,-101.1123
638,-37.3613,176.5283,-363.6151
639,307.8837,462.9387,-483.5475
640,256.5895,264.7498,-11.3036
641,308.2812,368.7663,-62.0347
642,16.944,21.0459,63.0884
643,192.3424,200.4092,-0.6358
644,162.2841,175.7448,-48.9585
645,245.8001,253.7269,-4.6004
646,133.1581,165.14,-139.5227
647,565.005,750.2863,-265.8437
648,84.9789,189.8205,-244.2999
649,432.8787,476.4119,-42.1898
650,28.1384,31.3037,73.2164
651,130.1453,147.4321,-91.3014
652,1112.0865,1429.0359,0.0
653,88.2174,90.7882,63.1926
654,233.7543,371.8618,-253.9473
655,460.3479,492.6682,0.0
656,73.998,103.596,-36.6205
657,536.0123,612.2855,-254.5039
658,-17.4091,64.4476,-394.2073
659,1715.7697,1835.2361,0.0
660,228.1744,268.6321,-7.3634
661,2381.9721,2839.2619,0.0
662,180.3614,228.3183,-193.9044
663,129.6742,132.8927,42.7536
664,283.7844,297.2369,2.0158
665,452.2451,491.8835,-31.248
666,613.3315,714.39,-319.2563
667,1567.8617,1602.1386,0.0
668,235.1976,273.1983,-10.9649
669,415.4267,443.2958,-91.6636
670,567.8735,617.7706,-98.5279
671,446.9269,495.3154,-190.7581
672,325.32,369.3088,-61.3026
673,262.838,350.6829,-370.9857
674,-84.972,50.2203,-228.8089
675,-38.3579,10.6403,-121.6617
676,106.8531,112.0748,47.439
677,100.1695,164.2803,-252.0474
678,388.4325,414.024,-62.0458
679,431.6244,599.2115,0.0
680,3089.2979,3621.4606,-1228.3688
681,146.5918,219.6834,-174.5506
682,262.4667,292.2207,-24.1784
683,-39.9775,91.6037,-333.714
684,-172.3097,317.4866,-758.7773
685,102.7399,115.438,-54.1738
686,708.479,755.9441,0.0
687,318.1866,384.1245,-150.9943
688,36.9835,126.3974,-347.9047
689,164.9325,182.7713,-17.3433
690,624.8294,808.318,-262.8456
691,278.6463,299.9719,-72.1828
692,957.4069,1007.6033,0.0
693,100.5319,109.5992,44.501
694,191.5615,206.6737,-60.2205
695,46.7781,48.0216,39.3015
696,101.713,184.7591,-253.3812
697,-125.7919,1811.6504,-1268.7353
698,77.7946,126.7936,-207.0863
699,390.0003,409.2009,-23.438
700,3083.7397,3709.0548,0.0
701,2428.98,3213.499,0.0
702,533.2942,566.2013,-28.427
703,513.8808,545.9596,-51.4634
704,1222.2979,1323.1913,0.0
705,230.3081,242.6484,-23.1325
706,434.6563,450.7154,-7.8458
707,1401.5526,1528.7737,0.0
708,978.567,1107.843,-126.5417
709,289.5794,315.8567,-23.161
710,296.8705,342.2041,0.0
711,235.4963,278.1455,-49.7408
712,-208.6465,-17.1849,-94.4467
713,57.6923,71.1285,1.8639
714,75.2998,80.8791,33.3479
715,56.0524,85.9266,-94.2124
716,155.3589,288.2237,-200.9576
717,562.9941,585.2423,0.0
718,-3589.2739,-2109.5384,0.0
719,119.4487,121.8353,68.5957
720,49.5923,159.2582,-105.3256
721,259.0063,410.2001,0.0
722,266.5554,298.6696,-130.0864
723,375.3281,411.1908,-181.244
724,144.0654,166.5573,-120.7479
725,-11.6996,204.524,-212.745
726,2149.3651,2287.7106,0.0
727,158.8904,186.9251,-48.2805
728,244.2087,367.844,0.0
729,624.1336,702.1529,0.0
730,147.7198,265.2095,-497.3238
731,236.6693,304.6706,-210.4894
732,588.2431,609.8657,-94.3115
733,157.5194,164.8024,0.8321
734,3972.4098,4334.4363,0.0
735,928.0063,1033.8461,0.0
736,673.1384,701.3494,0.0
737,690.0832,786.0681,-263.1087
738,159.5389,175.6952,-83.1035
739,7.5752,9.8834,48.5619
740,379.8928,400.9309,-55.4961
741,316.889,383.4188,0.0
742,267.1568,278.6725,9.2217
743,225.6551,307.0718,-12.2046
744,499.054,697.3294,0.0
745,375.958,398.0369,-54.5342
746,450.6045,471.4852,-77.7016
747,173.6113,297.8977,0.0
748,123.537,127.0618,35.9881
749,119.8263,165.0835,-110.2667
750,162.9162,216.2814,-173.4461
751,3150.6702,3736.4234,-1914.4524
752,620.4617,659.3229,0.0
753,748.9376,848.0452,0.0
754,128.5017,268.0124,-473.5467
755,-103.8741,193.8606,0.0
756,135.7662,163.2576,-75.7285
757,180.7846,246.6514,-214.8289
758,227.0908,254.7891,-87.1158
759,394.0842,507.1097,0.0
760,169.9312,186.9337,-29.1816
761,379.4222,412.2472,-52.0125
762,1383.6105,1503.5662,0.0
763,93.6567,94.7175,65.9145
764,65.0207,104.3422,-158.8661
765,91.2253,96.8186,30.4544
766,717.4348,978.795,0.0
767,-212.3648,-31.4795,-772.626
768,211.7479,364.8257,-429.7762
769,654.7954,804.6429,0.0
770,140.4382,145.1421,27.0989
771,-1048.319,-77.2977,0.0
772,225.517,422.0159,0.0
773,390.6874,480.6952,-167.1435
774,184.5116,205.7954,-24.117
775,226.3119,243.451,-75.0546
776,244.8597,263.7853,-71.5522
777,485.0267,632.3741,0.0
778,480.9983,1677.7415,-4449.871
779,228.9405,271.2829,-138.7455
780,124.8401,157.695,-24.6102
781,48.4218,74.4575,-18.8159
782,93.0321,165.3012,-206.2766
783,237.9463,275.6365,-119.8783
784,-140.8974,54.7923,-242.8407
785,414.5322,544.9426,-522.5838
786,-185.7212,265.1066,-300.765
787,389.9805,396.5495,0.5845
788,-273.1223,96.8429,-398.7449
789,311.5468,361.6652,0.0
790,743.6263,845.0211,0.0
791,46.4606,87.5238,-137.719
792,112.2198,174.6987,-106.8417
793,320.7416,393.1864,-25.5265
794,637.3064,713.7301,0.0
795,664.7337,674.6437,25.2603
796,407.4611,439.4092,0.0
797,190.6998,263.7543,-95.156
798,1080.4366,1128.1207,-110.1544
799,600.8048,635.7271,-47.0437
800,167.6477,414.7389,-1041.7865
801,22.4506,48.2883,-72.3067
802,678.4665,709.7415,-12.2836
803,339.6669,351.9177,16.0326
804,210.5013,250.9502,-148.8204
805,175.2617,941.858,0.0
806,157.2681,209.0195,-116.1469
807,93.6618,133.3875,-150.5563
808,437.2236,477.8204,-73.3853
809,114.7679,189.1705,-260.5233
810,2058.4296,2254.904,0.0
811,73.523,412.5223,-774.2846
812,315.3863,334.9232,-54.0353
813,199.8569,205.7847,49.2184
814,724.786,783.7346,0.0
815,-63.2751,45.7936,-389.6547
816,-5.3596,-2.464,72.0126
817,607.7374,692.6648,0.0
818,52.7075,84.0024,-40.2815
819,409.1871,465.9311,0.0
820,99.3762,142.5472,-145.794
821,367.2068,431.7519,0.0
822,189.8431,238.12,-132.3598
823,341.841,361.4133,-78.5849
824,226.0488,411.2666,0.0
825,42.1657,205.1267,-90.8136
826,99.0779,135.7481,-136.2617
827,261.2664,269.925,24.2496
828,74.123,78.6294,59.144
829,210.3639,213.3725,55.8412
830,803.5091,930.2604,-130.685
831,86.1001,107.4995,-92.3413
832,213.6557,231.8391,-49.3187
833,718.3413,759.4563,-87.7221
834,21.2162,27.6931,38.3904
835,29.1336,103.5216,-207.101
836,967.4177,1069.907,0.0
837,204.9977,228.9096,-120.4723
838,1074.0167,1378.661,0.0
839,528.2775,586.1041,-60.9885
840,592.6263,671.6605,0.0
841,2692.122,3139.2161,0.0
842,651.9544,835.5206,0.0
843,860.2017,1012.1242,0.0
844,286.4137,337.5072,-93.8667
845,929.5633,997.5579,0.0
846,71.5707,76.555,12.0907
847,594.3732,634.7701,0.0
848,361.012,424.2621,-35.7063
849,164.094,179.9852,-89.7067
850,-805.7618,-223.574,-1326.4196
851,2175.9407,2226.795,0.0
852,161.5765,285.4859,-290.5182
853,112.4889,125.1436,-32.5125
854,120.1294,121.6007,41.161
855,418.7192,494.0424,0.0
856,600.1188,682.4162,0.0
857,103.4523,121.9985,-65.9973
858,482.8406,537.6775,-66.774
859,606.6428,754.3455,-110.2842
860,-68.3117,49.1678,0.0
861,677.7153,713.825,-23.6464
862,2126.471,2588.6398,-169.5514
863,1157.5245,1334.9145,0.0
864,50.294,52.0127,83.9569
865,64.0777,222.4678,0.0
866,360.0936,419.8137,-136.5534
867,912.7554,996.8664,0.0
868,399.9887,464.2499,-167.8509
869,-707.8296,-112.5704,0.0
870,729.7094,804.5786,0.0
871,1330.9142,1626.5544,-193.6002
872,612.5243,724.697,-208.8461
873,603.7762,752.076,0.0
874,260.8061,270.978,23.9067
875,693.9334,709.7957,-3.1075
876,61.562,76.3473,-33.1755
877,210.8266,333.7555,-283.8007
878,898.3618,1253.7713,-46.6899
879,379.9313,415.075,-53.5104
880,223.6524,237.8403,-61.9803
881,20.4725,26.8893,39.1625
882,151.872,173.0183,-40.4956
883,245.8852,265.5143,-55.4491
884,43.9906,159.0072,0.0
885,60.4529,77.4909,-73.7148
886,761.0697,952.4031,0.0
887,162.1279,170.0093,-23.2215
888,754.9554,851.2124,-33.1369
889,498.4326,544.1584,-55.6721
890,69.7225,72.0897,70.8114
891,42.0176,61.624,-62.9843
892,40.3735,49.6645,34.6774
893,92.0125,102.8523,-10.576
894,606.2348,696.4639,-270.6015
895,118.9588,123.0962,38.4856
896,1070.0098,1126.9166,0.0
897,198.2147,200.2774,56.77
898,149.6507,168.8899,-64.8141
899,181.1459,186.3665,24.526
900,-16.8031,-13.7188,84.3042
901,101.2655,149.6765,-132.9595
902,20.4248,20.4263,66.885
903,176.5333,217.8056,-105.5111
904,119.2429,134.0646,-18.2616
905,45.2916,267.7593,-492.1514
906,131.9719,167.6309,-95.5448
907,1239.0099,1358.8221,-31.9393
908,115.9015,137.6775,-101.1958
909,406.6643,593.1806,0.0
910,438.8915,579.8067,0.0
911,142.5369,168.5028,-72.2969
912,94.7119,130.3723,-143.0802
913,454.3252,554.894,-185.9391
914,120.3832,136.3363,-54.1248
915,701.7651,864.434,-287.0452
916,120.9277,147.4212,-81.6483
917,312.2225,328.1197,-61.0006
918,285.677,308.3434,-39.2458
919,1031.0762,1990.4511,0.0
920,741.4156,803.6128,0.0
921,1885.3629,1943.3725,-19.3953
922,86.0939,166.8946,-129.5272
923,101.0319,110.0266,25.7803
924,289.6085,300.8305,-31.9449
925,837.505,910.0723,-86.0104
926,416.5817,446.9487,-102.6821
927,578.3707,583.7674,49.3921
928,363.9678,376.7662,-24.0246
929,348.1931,361.092,-8.4493
930,582.3616,646.8925,-200.7045
931,155.5709,345.8003,0.0
932,133.547,137.0188,70.541
933,198.9334,221.5871,-110.8614
934,401.7643,441.644,-58.0998
935,361.884,367.2737,56.844
936,2211.8353,2350.215,-52.595
937,442.2356,537.4809,-77.7671
938,517.1924,532.4648,-10.9136
939,503.8067,535.6929,-76.3167
940,279.5296,290.1794,4.7419
941,643.1754,696.0735,0.0
942,291.4574,301.7168,-40.4327
943,625.809,808.6052,-16.4268
944,187.7742,204.2325,-78.8103
945,694.4527,751.9072,-141.9748
946,281.9811,318.6404,-75.3408
947,15.6255,60.3993,-102.7203
948,115.7786,116.4693,97.8311
949,93.6237,98.2676,28.2025
950,498.5226,728.1091,0.0
951,357.097,577.5671,0.0
952,259.297,274.7623,-27.8288
953,151.7828,184.3306,-159.5348
954,477.7086,513.2903,-60.1513
955,510.7244,697.5335,0.0
956,1708.4728,1825.7874,0.0
957,343.662,443.0253,0.0
958,44.7127,266.2366,-494.7284
959,10.3697,57.6806,-91.511
960,524.2186,569.8898,0.0
961,260.5591,278.0521,-50.849
962,185.0429,233.1942,-140.7782
963,1895.5139,1950.2699,0.0
964,157.6074,167.5533,-39.8357
965,698.8436,1004.5986,0.0
966,11.5082,18.7972,40.6272
967,48.4325,103.2438,-158.6202
968,1568.4421,1811.6402,0.0
969,-317.6142,539.7359,0.0
970,241.1536,412.0559,0.0
971,351.318,506.6208,-367.9861
972,650.9272,844.0661,-141.3561
973,131.4096,136.533,25.1426
974,579.4364,1001.4656,0.0
975,42.9552,215.6002,0.0
976,1489.8419,1559.6786,-85.8198
977,391.5968,502.6425,-215.8712
978,233.0918,267.2349,-97.3037
979,154.1605,166.3767,-22.0582
980,134.4917,139.6813,38.3145
981,331.0986,351.8892,-115.9748
982,-227.3306,-17.8886,0.0
983,736.9187,767.8709,-34.7693
984,246.2672,265.9087,-65.5762
985,904.0061,1026.4166,-88.3654
986,975.1269,1019.8356,0.0
987,16.0528,38.3087,-69.6642
988,1058.589,1438.3083,0.0
989,585.3126,606.1236,0.0
990,232.9426,316.7209,-294.0904
991,2020.1401,2389.3383,-201.3713
992,53.0894,76.9643,-54.5446
993,122.3591,130.8721,-18.4841
994,624.2206,680.1485,0.0
995,-108.148,183.6174,-453.6125
996,1858.3697,3407.8552,0.0
997,323.5819,529.9832,0.0
998,175.025,216.4757,-144.9483
999,191.1788,204.7466,-61.7567
1000,217.3879,233.7219,-54.1533
1001,139.5732,172.48,-151.0181
1002,57.4666,61.9774,41.7294
1003,403.6829,425.666,-51.7684
1004,612.9043,712.4007,0.0
1005,375.9954,430.4242,-193.4305
1006,746.5443,942.7943,0.0
1007,-3609.4284,-1464.5753,0.0
1008,946.3533,977.933,0.0
1009,234.3546,250.1754,-80.8752
1010,229.8613,238.8265,24.835
1011,570.8758,624.4424,-137.1804
1012,-2368.9839,-67.8445,0.0
1013,539.552,730.7685,-425.5066
1014,2874.8296,3297.1186,0.0
1015,149.9293,167.5069,-79.6766
1016,-40.9647,39.3499,-314.7541
1017,169.5882,175.5871,9.9429
1018,894.0762,947.9087,0.0
1019,291.5952,390.4128,0.0
1020,200.7242,237.3688,-120.1113
1021,-375.97,-111.2982,0.0
1022,86.6619,87.9199,88.5274
1023,193.5974,233.5554,-92.0564
1024,519.5784,538.4149,-26.5739
1025,371.7072,398.1245,-13.3827
1026,396.2788,501.4456,0.0
1027,-1961.0401,-446.9386,0.0
1028,815.8581,960.3133,-126.942
1029,177.1462,206.3792,-122.3728
1030,34.6881,194.6024,0.0
1031,233.0292,294.6811,0.0
1032,179.1768,206.9274,-84.3235
1033,869.6863,971.6402,0.0
1034,106.0014,115.5372,-9.8743
1035,203.1246,218.1198,-38.4193
1036,1113.374,1303.8893,0.0
1037,77.7672,93.9813,-24.9841
1038,384.0862,390.0558,38.0707
1039,174.5581,187.0083,-36.685
1040,324.2711,351.7584,-71.8111
1041,-1035.6702,61.3112,0.0
1042,148.5345,151.3615,35.3142
1043,1486.266,1593.3025,-328.2659
1044,246.9925,287.2526,-13.0224
1045,510.199,566.6058,-43.9534
1046,506.5135,524.5867,-47.1071
1047,338.2194,363.1078,0.0
1048,581.4787,651.8618,0.0
1049,977.0892,1120.803,-163.7753
1050,651.2721,840.0707,-662.7625
1051,58.8319,74.3827,-58.1818
1052,54.0484,57.2803,39.3975
1053,802.9363,861.6248,-40.1774
1054,35.7472,83.4604,-102.7935
1055,93.2954,112.8123,-111.726
1056,2665.4586,2720.2185,-111.4302
1057,1475.8095,1594.3915,-279.307
1058,909.2379,1495.2898,0.0
1059,355.855,456.4134,0.0
1060,417.7514,417.7529,0.0
1061,534.3793,541.5514,35.481
1062,1078.8258,1835.785,0.0
1063,349.036,408.7116,-130.695
1064,125.1279,131.7683,18.4777
1065,-168.3753,-109.8892,-104.3934
1066,486.7925,624.001,-200.8002
1067,210.8723,278.9702,0.0
1068,299.0923,476.2488,-124.4752
1069,118.8567,163.547,-165.7915
1070,318.9648,338.438,-76.8481
1071,794.1444,965.5869,0.0
1072,765.2757,1037.6595,-256.3771
1073,51.7044,69.9208,-57.548
1074,163.358,178.5201,-62.8629
1075,1408.3303,1562.7156,-180.5854
1076,832.2266,1233.6497,-1176.142
1077,2155.0676,2766.1219,0.0
1078,-111.2882,47.6682,-412.4664
1079,194.3243,357.2261,-25.0122
1080,498.8864,612.564,-79.2223
1081,217.1683,246.4878,-70.0448
1082,1150.9865,1184.3869,0.0
1083,79.1479,104.5017,-82.2337
1084,184.3535,198.9599,-43.8637
1085,183.9841,195.1807,-27.8998
1086,778.438,926.2024,0.0
1087,606.3267,633.5479,-19.6235
1088,267.0997,338.153,0.0
1089,15.569,87.4433,-90.4966
1090,175.7366,182.386,37.3928
1091,1489.4201,2005.1017,-964.1838
1092,938.906,1003.6922,0.0
1093,849.3376,873.897,0.0
1094,172.6806,203.0908,-110.2135
1095,309.992,324.0139,-40.2098
1096,9268.0627,10248.6323,0.0
1097,237.2103,252.9568,-6.4972
1098,1909.8974,2032.2873,0.0
1099,36.2686,54.7167,-48.5196
1100,521.6503,545.366,0.0
1101,62.3618,64.7745,64.9323
1102,232.4431,281.2844,0.0
1103,536.1613,668.0178,0.0
1104,75.1316,128.4885,-99.5092
1105,129.9432,134.5297,42.6299
1106,103.4473,415.06,-560.0966
1107,183.5696,242.1745,-268.0267
1108,435.526,467.3388,0.0
1109,324.4219,334.3372,-18.5049
1110,150.8465,168.0683,-42.1165
1111,211.1878,370.6294,0.0
1112,499.3577,693.3689,0.0
1113,459.7765,477.8583,-13.5807
1114,88.211,201.1317,-211.9675
1115,296.1381,370.4292,0.0
1116,287.0318,396.906,-70.6087
1117,284.3496,481.2995,0.0
1118,757.2659,802.7156,0.0
1119,244.6039,250.4605,19.6454
1120,579.7714,631.134,0.0
1121,463.4042,713.1693,-349.6709
1122,218.593,251.7362,-122.8499
1123,813.2721,891.1404,-117.6027
1124,1424.9826,1560.7651,-279.7347
1125,156.0588,199.8427,-22.0454
1126,347.5946,493.4617,0.0
1127,243.4031,298.6233,-182.7428
1128,39.3073,165.8579,-325.9023
1129,1179.3205,1374.8574,-231.7603
1130,709.3839,717.7537,27.0375
1131,27.6077,230.7153,-488.4891
1132,-8.9844,153.0611,-357.0472
1133,472.5535,522.6741,-131.9096
1134,70.8594,93.8631,-103.924
1135,434.6618,453.1596,-33.3453
1136,836.259,915.964,-26.4634
1137,-6.1951,-1.8604,60.001
1138,217.0607,268.6988,-74.8287
1139,1134.1178,1207.4011,0.0
1140,125.1723,134.0217,8.4533
1141,268.2216,301.4263,-114.3765
1142,79.4341,267.2236,-240.4004
1143,925.001,2020.2363,0.0
1144,665.7481,773.1085,0.0
1145,353.4411,894.2544,0.0
1146,908.2047,1205.2185,-481.7169
1147,1534.6715,1604.8671,0.0
1148,2079.0804,2971.6722,0.0
1149,143.7157,172.8669,-82.5858
1150,266.7468,286.4609,-80.2822
1151,812.3091,862.148,0.0
1152,975.1038,1164.3893,0.0
1153,323.9865,368.0007,-90.3281
1154,189.0622,303.4893,-278.1833
1155,486.9326,501.7381,-38.9959
1156,838.0306,877.3398,0.0
1157,492.4172,526.4438,-69.3643
1158,693.4932,739.3745,0.0
1159,486.2628,536.4499,-122.4286
1160,218.4285,225.9761,45.2113
1161,-326.6586,110.6407,0.0
1162,765.0173,815.3584,-72.8099
1163,353.7567,454.3144,0.0
1164,1136.7727,1579.0481,0.0
1165,366.406,379.9381,-9.6423
1166,845.8568,2100.5915,0.0
1167,786.0836,925.8273,0.0
1168,212.5495,262.9978,-105.4638
1169,39.9654,44.0422,73.3041
1170,136.2803,216.6197,-127.781
1171,1099.9215,1147.7059,-42.0398
1172,530.4778,604.6167,0.0
1173,1351.1164,1413.6269,0.0
1174,1137.6161,1238.0736,0.0
1175,413.9533,472.2231,0.0
1176,87.5484,131.009,-97.415
1177,527.8394,581.0615,-138.2949
1178,219.5303,224.5586,51.9668
1179,192.9076,327.9294,0.0
1180,601.1599,618.0312,-29.839
1181,133.3996,174.0709,-67.6047
1182,402.1152,425.1291,-84.5836
1183,81.3646,92.0891,5.7344
1184,456.147,578.334,-133.5985
1185,-1036.3455,-370.356,0.0
1186,219.3164,250.7584,-146.8889
1187,135.8016,140.6302,19.1668
1188,3067.9718,3837.1295,0.0
1189,114.465,278.545,-352.1289
1190,1019.9379,1134.4436,0.0
1191,-16.3923,14.7489,-82.0011
1192,151.424,185.0083,-93.6057
1193,337.2838,350.779,-5.8688
1194,1214.1186,1408.0683,0.0
1195,436.2013,560.5419,0.0
1196,345.8618,370.3167,-40.5603
1197,778.0588,833.4983,0.0
1198,140.1088,162.8104,-45.2039
1199,333.4992,355.4997,-85.715
1200,230.845,239.1212,-2.3906
1201,446.2959,527.5431,-155.7998
1202,301.303,374.2083,0.0
1203,-55.5381,254.3493,0.0
1204,1011.2589,1048.3306,0.0
1205,16.4445,22.298,52.3015
1206,115.7432,177.6272,-206.8512
1207,378.1059,392.264,-21.8407
1208,202.9025,227.2263,-81.1815
1209,306.0485,364.8598,0.0
1210,2788.1429,3130.925,0.0
1211,23.7133,25.9701,81.753
1212,191.1888,194.8104,41.9465
1213,151.1092,241.7617,-125.143
1214,443.8643,464.4992,-56.7647
1215,323.788,338.2079,-34.8661
1216,169.3803,172.4482,38.7716
1217,764.0429,824.65,-12.9636
1218,154.5684,250.1378,-34.0799
1219,378.5486,406.9217,-58.0385
1220,410.6938,465.8712,-31.515
1221,-10357.5672,-5282.0579,0.0
1222,165.4605,209.468,-142.8113
1223,177.9782,184.6891,58.7418
1224,163.6572,185.1509,-105.4179
1225,104.6459,215.2525,0.0
1226,263.9615,274.7983,-27.426
1227,93.4266,103.44,25.0385
1228,725.5223,822.8307,0.0
1229,173.3393,214.6197,-115.665
1230,659.9879,681.2451,-32.2741
1231,611.3993,690.0347,-55.7475
1232,722.4167,1030.7059,0.0
1233,239.3427,256.0853,-84.8663
1234,539.392,594.1844,-47.6577
1235,84.3403,122.7578,-119.8181
1236,359.2743,363.3503,54.2175
1237,222.0212,231.8218,-12.2699
1238,816.5629,1225.3568,0.0
1239,291.0524,330.8458,-96.5543
1240,989.3414,1258.3048,0.0
1241,452.5744,527.2367,0.0
1242,521.0302,537.025,-11.0637
1243,301.8974,705.1382,0.0
1244,237.0251,297.7607,-193.5764
1245,316.1133,583.9371,0.0
1246,-71.1553,-3.5641,-99.8858
1247,162.2508,189.5678,-147.078
1248,593.3248,670.4398,0.0
1249,4245.1995,4378.9493,0.0
1250,677.4169,743.6449,-40.545
1251,463.1525,535.5017,-103.5618
1252,-16.4984,-14.8105,92.8782
1253,229.7756,253.6843,-76.3639
1254,55.1962,80.8249,-37.1911
1255,247.95,772.8297,0.0
1256,234.6714,262.5664,-116.9106
1257,505.2072,544.2582,0.0
1258,277.5722,303.7706,-96.7789
1259,126.205,139.8714,-16.0063
1260,598.7538,771.9212,-220.5338
1261,519.1948,623.6435,0.0
1262,581.1125,665.9703,-155.2672
1263,370.9297,460.9381,-68.416
1264,163.7472,184.8399,-83.2709
1265,147.1088,212.668,-243.7524
1266,-326.3635,-84.9336,-678.6982
1267,271.5935,274.7613,58.262
1268,4500.1353,4973.5969,0.0
1269,327.249,449.8089,-99.9796
1270,157.0773,168.1821,-42.3556
1271,530.3231,700.3917,0.0
1272,122.8596,124.0998,57.6921
1273,-171.5857,-100.889,-84.5362
1274,194.4568,199.1381,37.059
1275,1713.6718,1877.5195,0.0
1276,354.7604,366.2895,-46.0031
1277,982.0868,1225.8323,0.0
1278,248.1713,265.1281,-66.926
1279,71.5133,75.382,33.8612
1280,1009.2872,1083.0433,0.0
1281,1362.5556,1412.2663,0.0
1282,84.5751,225.582,0.0
1283,205.8635,266.5387,0.0
1284,605.8189,632.3191,0.0
1285,487.552,576.7408,-195.2568
1286,176.4218,221.3198,-116.5866
1287,205.075,216.4516,-19.8429
1288,206.0851,215.4377,10.0798
1289,156.4771,184.646,-143.3797
1290,104.7821,122.7296,-41.9799
1291,73.2907,125.9758,-216.2118
1292,354.6217,419.3612,0.0
1293,355.5183,379.6112,-81.4543
1294,176.1982,246.9382,0.0
1295,-477.0633,6.4764,0.0
1296,266.5197,275.666,27.8588
1297,120.8825,136.67,-66.9602
1298,144.3234,180.5406,-174.9677
1299,1183.4385,2203.5744,0.0
1300,166.683,196.7926,-101.2307
1301,47.1363,48.2815,76.7883
1302,14.0986,257.7787,-449.3374
1303,354.5401,418.9703,0.0
1304,366.6453,431.2585,0.0
1305,686.4457,743.8018,-37.4476
1306,68.5434,73.3971,41.9703
1307,506.3426,624.3831,0.0
1308,417.1396,611.5395,0.0
1309,10.7804,248.6359,-332.5111
1310,211.9003,275.0623,-264.9819
1311,448.185,477.0954,0.0
1312,-7465.1092,-2851.2378,0.0
1313,167.0619,170.7775,56.5655
1314,60.1101,181.7851,-331.1276
1315,173.4843,186.683,-5.9825
1316,252.4768,269.1393,-63.9206
1317,2345.5452,2589.9469,0.0
1318,261.5005,332.0583,-77.7458
1319,322.2727,372.4117,-147.923
1320,633.29,686.7136,-65.4683
1321,716.2733,748.6309,0.0
1322,894.4958,920.0887,0.0
1323,113.6364,138.6684,-88.1531
1324,282.1148,388.6871,-330.0725
1325,865.4868,923.8088,0.0
1326,427.3064,588.4447,0.0
1327,216.0542,225.1657,-5.8821
1328,1972.0632,2273.9081,-627.8225
1329,345.9812,355.2955,4.019
1330,209.6044,216.8331,-21.0899
1331,-245.0639,108.908,-666.7329
1332,227.5498,231.9749,29.6143
1333,35.6011,47.8593,8.7326
1334,84.385,95.734,-27.2494
1335,397.2566,497.4695,0.0
1336,61.148,70.7469,9.5368
1337,94.8501,151.4903,-202.1258
1338,-27.9528,38.7871,-88.102
1339,155.3419,181.4475,-15.2909
1340,338.7159,389.1295,-11.6351
1341,138.3901,235.9937,-331.5227
1342,341.197,382.0231,-132.641
1343,288.6664,335.9352,-184.3691
1344,11.1557,74.9077,-230.6075
1345,-502.4267,-1.0715,-620.0727
1346,231.191,245.6503,-34.5753
1347,3830.4392,4551.3998,-809.6081
1348,255.2523,295.7534,-143.8012
1349,5800.5914,7419.1941,-1901.3483
1350,588.5532,625.8295,-22.0257
1351,233.0612,261.8158,-30.2598
1352,250.8988,271.5127,-68.457
1353,287.075,305.8051,-70.9879
1354,185.5418,241.7255,-134.1279
1355,129.2491,144.2746,-60.1104
1356,631.16,678.4716,-172.6329
1357,-21.4691,95.9579,-273.3755
1358,-502.8349,-161.9821,-759.0713
1359,160.0237,462.0679,0.0
1360,63.0367,69.2139,50.7945
1361,147.6823,185.6961,-192.6415
1362,428.3469,569.4772,-111.0251
1363,1324.2946,1392.1291,0.0
1364,299.1104,446.609,-266.9815
1365,479.2025,491.9565,-15.1738
1366,1261.3283,1521.286,0.0
1367,754.1839,870.0839,-325.4826
1368,705.7062,822.8913,0.0
1369,220.1988,327.4325,0.0
1370,299.2241,597.6504,0.0
1371,284.9227,299.1451,-48.4966
1372,203.6268,227.4054,-63.8717
1373,142.8582,164.0747,-110.073
1374,448.9965,573.9176,0.0
1375,2293.0544,2501.3739,0.0
1376,1126.396,1490.8846,-579.9557
1377,31.9328,42.7477,28.1152
1378,61.9951,66.2356,57.5254
1379,29.6039,34.6318,72.945
1380,762.7448,1814.4772,0.0
1381,14.3211,59.4609,-95.7123
1382,323.5418,417.8348,-49.5297
1383,214.2838,267.6156,-123.9536
1384,380.4408,450.206,-91.4966
1385,623.0316,673.4244,-46.8942
1386,363.8047,401.6712,-128.4081
1387,141.0375,143.6302,62.1627
1388,-13.6408,-0.6867,15.4017
1389,108.717,115.8756,31.3041
1390,1406.2494,1893.4213,0.0
1391,499.1223,517.0436,0.0
1392,405.5179,429.7569,-21.1516
1393,178.4433,216.3782,-132.7882
1394,434.1807,520.5836,-32.5672
1395,893.9664,969.3488,-168.055
1396,411.8724,610.6931,-58.4745
1397,77.3838,145.5209,-111.3954
1398,5969.0036,6273.2815,0.0
1399,228.6137,423.632,-473.0208
1400,306.8161,440.2242,-50.7054
1401,250.1538,306.1587,-57.5377
1402,124.8518,147.7179,-89.0629
1403,493.0593,527.9269,-19.3924
1404,1201.9055,1531.9656,0.0
1405,210.9905,242.6963,-29.1447
1406,91.4799,112.8975,-77.4659
1407,13.9379,34.9634,-90.8374
1408,135.4347,169.922,-178.8761
1409,426.5885,458.0807,-80.2551
1410,2489.236,3037.4071,0.0
1411,694.9939,748.6527,0.0
1412,145.0162,217.168,0.0
1413,461.3857,585.1833,0.0
1414,135.6045,161.4882,-73.7315
1415,61.1576,98.1817,-185.7699
1416,527.6466,560.3721,0.0
1417,703.4152,924.1188,0.0
1418,520.6953,560.9782,0.0
1419,2770.3683,3122.1636,0.0
1420,52.2728,57.7118,66.7147
1421,536.758,623.7511,0.0
1422,74.3892,108.2846,-97.3783
1423,120.2116,139.4113,-66.1517
1424,130.0738,220.058,-352.5466
1425,-346.1645,-190.4512,-458.2011
1426,435.5861,450.2241,-4.1376
1427,241.6979,252.3753,-22.7961
1428,1050.2591,1111.8624,-92.1614
1429,454.329,511.899,0.0
1430,194.3531,383.2832,0.0
1431,41.8818,45.6664,74.6824
1432,118.0562,132.795,-54.3985
1433,51.5851,61.4129,35.2668
1434,-883.4978,-60.0746,0.0
1435,291.3844,296.8841,56.2431
1436,1147.2126,1585.0311,0.0
1437,350.3252,385.6687,0.0
1438,1118.3371,1317.0902,0.0
1439,507.0326,546.2467,-32.4706
1440,345.5733,487.6827,-141.1097
1441,99.0234,103.173,57.2167
1442,296.6839,368.7499,0.0
1443,1151.2832,1195.4541,-16.6271
1444,140.317,186.2724,-119.5128
1445,1094.5469,1160.0723,0.0
1446,142.2442,175.9768,-112.163
1447,133.0826,165.9201,-91.4596
1448,236.7573,272.9484,-50.1736
1449,5.2652,78.7766,-94.1732
1450,547.2481,637.0931,0.0
1451,216.1069,235.7337,-76.362
1452,617.2432,928.9448,-1071.2704
1453,960.6264,1004.3283,0.0
1454,-389.6901,80.781,-993.7803
1455,139.5549,150.9816,-16.2354
1456,153.9742,420.7158,0.0
1457,1612.7388,1863.2139,-428.3329
1458,2563.7858,2687.5222,0.0
1459,305.7499,343.771,-113.7018
1460,53.898,62.4563,28.9944
1461,475.3426,547.6269,-78.9659
1462,164.6927,167.1444,44.4233
1463,47.7906,85.6426,-136.1555
1464,293.5511,302.5133,5.8591
1465,74.8885,257.1476,-208.1125
1466,21.0566,51.6597,-119.8761
1467,228.9167,320.7821,-51.6169
1468,2135.5544,2474.8275,0.0
1469,404.7291,472.8543,-123.0231
1470,475.5393,583.2323,-312.2418
1471,1085.1896,1227.9366,0.0
1472,407.2688,438.186,-24.5047
1473,-63.7479,70.1322,-119.4982
1474,804.0804,950.8843,0.0
1475,114.1547,173.5308,-173.0255
1476,727.1668,789.166,0.0
1477,807.7917,1066.6799,0.0
1478,112.9283,206.6302,-319.2136
1479,84.5293,88.555,65.0538
1480,253.2877,272.4709,-50.7716
1481,-363.8785,-145.6794,-572.6966
1482,272.5567,316.4713,-217.1016
1483,224.4418,254.9251,-62.4576
1484,913.0936,1026.999,0.0
1485,375.7779,393.454,-76.8325
1486,562.2485,630.066,-93.6199
1487,810.3318,862.5234,0.0
1488,1373.9826,1619.5351,0.0
1489,89.7829,94.2447,35.0041
1490,59.6513,88.3643,-13.3143
1491,328.52,363.3523,-28.2236
1492,143.5046,149.3924,7.0302
1493,423.0598,462.8094,0.0
1494,305.9844,371.151,0.0
1495,986.2286,1246.2047,0.0
1496,83.1221,118.6519,-167.4084
1497,1053.8585,1135.7328,-83.3391
1498,150.7882,157.935,22.1357
1499,493.1817,522.5521,-20.2899
1500,-58.0152,3.2993,-155.1349
1501,339.1507,374.6358,0.0
1502,224.4181,245.7397,-74.8793
1503,24.9155,27.6163,74.0424
1504,377.5357,392.1863,-54.8892
1505,914.2519,1063.371,-489.1207
1506,2495.9519,2758.6151,-408.9553
1507,442.9881,464.8531,-32.8184
1508,275.9699,294.0562,-33.0213
1509,-1109.1734,180.5934,-300.0373
1510,78.5871,107.849,-42.133
1511,179.5405,208.5291,-127.5867
1512,724.4745,1380.4167,-641.6237
1513,1232.8651,1311.0413,-39.6462
1514,386.8123,462.6431,-144.4859
1515,677.3724,729.5446,-85.1357
1516,296.5833,430.1021,-124.2491
1517,555.3281,690.5553,0.0
1518,151.8499,184.0333,-29.0704
1519,402.2758,408.0231,60.1889
1520,2178.8014,2338.0459,0.0
1521,1640.4507,1777.4883,0.0
1522,492.735,513.7272,-73.984
1523,-17.5057,-15.4771,69.0055
1524,544.414,764.6932,-689.5265
1525,536.3583,570.1004,0.0
1526,245.5359,281.5794,-152.4656
1527,145.2381,182.9791,-144.4002
1528,17.9578,34.8138,-36.7983
1529,192.6253,204.9927,-26.7825
1530,234.9746,251.1343,-64.3192
1531,592.1683,649.692,0.0
1532,347.8933,364.1873,-60.2574
1533,172.9541,178.1744,39.2645
1534,1910.0228,2149.8358,0.0
1535,805.5938,987.915,0.0
1536,186.8686,226.855,-126.1606
1537,538.5834,566.0542,0.0
1538,241.1266,247.3414,12.7784
1539,270.3345,280.3592,-40.516
1540,129.4694,143.0423,-24.484
1541,543.7008,625.5548,-108.2894
1542,141.342,144.5782,25.0363
1543,50.7648,51.5072,59.6456
1544,223.0254,226.8586,43.0084
1545,535.5493,570.6924,-108.8233
1546,73.0091,75.6057,82.4187
1547,70.062,494.1196,-264.0469
1548,204.4151,211.7837,5.2283
1549,285.9616,351.4113,0.0
1550,77.6926,118.5697,-74.3638
1551,259.118,449.2021,-9.8965
1552,224.4279,293.6717,-63.6519
1553,170.4692,210.6588,-117.2209
1554,134.3803,147.2937,-57.3195
1555,492.486,560.0072,0.0
1556,535.2488,655.4387,0.0
1557,300.2381,425.0686,0.0
1558,2091.1644,2344.5408,0.0
1559,899.8029,1026.583,0.0
1560,151.0327,368.2158,0.0
1561,110.4682,155.8476,-91.3703
1562,217.5121,226.484,-10.4124
1563,1008.5598,1159.0908,0.0
1564,220.457,240.2507,-55.3782
1565,173.0422,177.1862,37.9476
1566,-65.9637,-7.0367,-143.3002
1567,326.8688,415.7312,0.0
1568,-220.4864,3.6041,0.0
1569,513.7725,640.736,0.0
1570,64.3087,74.6609,29.6229
1571,534.4597,592.0834,0.0
1572,85.052,119.1072,-105.319
1573,32.2848,80.4013,-95.4634
1574,77.4629,117.4435,-105.1416
1575,891.8523,1404.6186,-269.3534
1576,96.1957,116.0974,-46.9587
1577,368.232,401.9328,-91.8866
1578,1309.8586,1865.0534,0.0
1579,501.959,536.0881,-23.5774
1580,335.3619,363.9339,-59.7834
1581,-5.4365,-4.9715,101.0415
1582,397.5019,422.6281,-97.3366
1583,172.9828,190.4727,-81.5432
1584,919.9512,1068.9565,0.0
1585,787.9476,828.6744,0.0
1586,51.6384,54.3485,63.6199
1587,1131.6963,1369.2422,-288.2776
1588,299.0016,315.4098,-42.4492
1589,518.9774,536.1219,-28.7755
1590,125.1405,143.0272,-87.2125
1591,300.6553,327.9505,-78.1451
1592,530.7465,690.6571,-407.5402
1593,349.7127,399.935,-16.2448
1594,815.8586,876.0136,0.0
1595,731.477,783.8938,0.0
1596,77.2523,109.4117,-33.2901
1597,456.1833,471.4704,-30.3826
1598,437.9014,470.325,-8.7993
1599,273.1671,304.7318,-76.6864
1600,274.4262,297.0987,-61.6382
1601,1425.6822,1893.5597,0.0
1602,702.4984,762.2891,-40.7239
1603,-4.7499,38.2422,-203.8074
1604,1984.2362,2195.0028,-298.164
1605,82.7326,92.5473,1.5187
1606,108.4924,111.6195,85.2686
1607,679.6831,766.0592,0.0
1608,128.6464,228.2753,-322.268
1609,-245.7352,93.7729,-271.8871
1610,860.8235,958.116,-63.712
1611,69.7965,112.4207,-141.5667
1612,53.5492,60.9815,49.3776
1613,6.7272,9.7647,74.7153
1614,92.8338,141.6678,-228.0493
1615,701.2418,765.5605,-111.1587
1616,867.1087,1108.197,-318.9497
1617,58.6828,420.4311,-232.1933
1618,107.0909,108.2992,51.9642
1619,166.8832,192.0908,-38.7721
1620,100.9309,436.8263,-231.4983
1621,1256.0042,1314.1659,-27.1972
1622,408.2986,909.7046,0.0
1623,476.5041,560.1513,-57.786
1624,245.7765,339.2192,-193.0072
1625,138.0863,148.7006,-44.5317
1626,53.321,208.8462,0.0
1627,1332.7866,1404.9672,-73.7153
1628,259.6199,273.789,-66.9239
1629,492.4462,603.9621,0.0
1630,86.6424,88.5837,54.5111
1631,430.0018,539.1175,-181.3256
1632,609.6283,638.6415,-46.028
1633,2160.0748,2424.0707,0.0
1634,323.6253,337.2414,6.7918
1635,2546.6123,2615.939,0.0
1636,183.2284,194.9322,-39.5637
1637,394.5026,420.5866,0.0
1638,1104.7496,1167.7276,0.0
1639,43.4344,46.9669,39.9641
1640,329.5123,356.7905,-104.0022
1641,172.795,214.3024,-190.9672
1642,332.6635,953.0875,0.0
1643,462.9927,509.9747,-59.528
1644,382.9439,462.3064,-72.5673
1645,2990.0268,3557.4786,0.0
1646,236.2335,294.7034,-193.7979
1647,246.1764,253.2248,11.9147
1648,1299.788,1333.3832,0.0
1649,920.3446,1054.9066,-137.0884
1650,-7.7153,188.8798,0.0
1651,739.8848,815.8385,0.0
1652,208.0776,267.5572,-244.5372
1653,2017.7749,2222.2397,0.0
1654,424.7166,459.5275,0.0
1655,418.8977,472.2456,0.0
1656,311.4797,361.6426,-138.127
1657,1153.8944,1388.0369,0.0
1658,-5.4241,78.8643,-142.7207
1659,142.4111,186.6628,-170.6226
1660,198.922,235.2862,-95.0781
1661,1040.3573,1491.0977,0.0
1662,716.7274,1092.9533,-1168.7121
1663,931.4945,941.5011,15.8429
1664,118.4692,123.7227,32.6155
1665,354.8588,369.199,-57.5178
1666,123.9188,244.5513,-189.9289
1667,751.8831,1371.1465,0.0
1668,322.2409,407.4603,0.0
1669,3052.1633,3448.1562,0.0
1670,-112.5308,-53.2381,-231.5663
1671,183.6322,323.952,0.0
1672,107.7431,121.9869,-54.315
1673,887.961,1132.6296,-559.4779
1674,732.7972,770.1695,0.0
1675,314.3979,418.868,0.0
1676,1007.2999,1054.3159,0.0
1677,-111.4089,69.0518,-308.2959
1678,536.8047,543.9829,41.6659
1679,212.4822,246.6118,-152.997
1680,164.054,188.8319,-119.3808
1681,1167.9923,1333.3163,-84.9381
1682,-1040.4707,-167.6696,0.0
1683,721.5144,809.2757,-159.8219
1684,214.9225,255.9739,-163.2101
1685,46.407,84.8295,-32.8698
1686,390.0504,402.908,-6.069
1687,236.2487,251.2027,-55.3905
1688,313.834,331.0362,-65.3038
1689,61.4028,90.2621,-105.6827
1690,169.5658,196.5368,-91.7563
1691,926.8897,1027.344,0.0
1692,356.2962,410.7742,-81.2185
1693,456.1895,658.8592,0.0
1694,913.8003,1494.0055,-972.5123
1695,594.0975,665.701,-57.0042
1696,-30.4671,-13.1312,-26.3495
1697,-24.7584,231.2509,0.0
1698,261.9205,285.4907,-118.2082
1699,188.8769,222.6367,-122.6785
1700,337.1121,432.499,-257.9987
1701,251.2348,269.4519,-76.6857
1702,330.4746,366.9324,-132.0988
1703,222.0891,226.9518,-8.7371
1704,1822.8402,2144.2344,0.0
1705,-3.6985,110.6884,-327.9598
1706,63.4832,77.4066,-6.7438
1707,16.3505,38.4979,-55.6676
1708,217.7723,265.7693,-150.8234
1709,6.812,71.3214,-196.1935
1710,345.1113,363.8846,-63.3544
1711,223.1786,277.1366,-182.1183
1712,280.7439,403.0491,0.0
1713,230.5133,254.1319,-87.9495
1714,134.9663,138.7171,70.2764
1715,47.7255,50.6132,77.8201
1716,618.3995,1392.7387,0.0
1717,787.4524,861.2775,-101.909
1718,60.6003,70.2464,24.4246
1719,88.291,248.3195,0.0
1720,166.7863,207.3668,0.0
1721,358.6597,681.7015,-127.8987
1722,426.5647,474.2112,-141.4884
1723,112.0683,153.6487,-129.4206
1724,-86.4158,80.7975,-368.2906
1725,831.4657,907.5589,-117.3251
1726,387.3473,395.7721,-10.5294
1727,250.5853,275.1533,-35.8596
1728,913.3405,941.1154,0.0
1729,58.068,61.4997,67.7958
1730,455.0234,523.5408,-104.5789
1731,172.6232,215.7944,-101.0093
1732,-1111.1029,-409.3611,0.0
1733,59.2375,67.062,2.185
1734,1964.9337,2445.3249,0.0
1735,213.7359,238.9334,-93.0513
1736,1281.6188,1378.9284,-156.9055
1737,179.48,239.7746,-66.2982
1738,138.1838,144.7629,23.3908
1739,217.5406,224.9535,4.067
1740,976.5921,1001.3135,0.0
1741,266.4936,291.0516,-67.2797
1742,154.4977,215.3662,-244.9719
1743,569.4808,582.3367,9.9682
1744,135.5005,159.3595,-74.8013
1745,-322.3527,65.4957,0.0
1746,56.9914,118.7987,-219.3361
1747,704.8067,730.22,-29.701
1748,381.8686,486.4789,-34.5166
1749,1351.038,1422.4161,0.0
1750,118.7405,133.0988,-68.1261
1751,1056.9237,1070.7196,-14.4178
1752,522.5553,575.4072,0.0
1753,1765.0967,1837.5217,0.0
1754,1479.1921,1594.418,0.0
1755,256.1414,326.9113,0.0
1756,338.3468,437.3255,0.0
1757,690.8358,723.2486,-60.7363
1758,676.8164,899.782,0.0
1759,150.5282,161.9323,-29.237
1760,248.4451,399.2256,-308.2311
1761,245.422,320.7279,-141.8322
1762,64.1119,72.1833,27.5606
1763,114.0625,119.5658,25.7114
1764,389.7289,435.4283,0.0
1765,-727.058,163.4885,0.0
1766,742.4354,759.6835,0.0
1767,2894.7299,3062.2641,-231.2757
1768,463.8015,477.7431,-18.1977
1769,459.7654,492.387,-23.704
1770,5.7798,61.9839,-168.8824
1771,355.5983,372.3387,-27.3218
1772,723.8506,776.1721,0.0
1773,323.0586,409.5502,-116.7801
1774,596.9899,698.8031,-176.718
1775,1870.4683,2048.2315,0.0
1776,46.1111,142.1762,-290.3925
1777,380.7428,460.3072,-115.7168
1778,191.8117,213.1428,-108.002
1779,1868.5914,2068.9371,0.0
1780,128.5622,128.5637,0.0
1781,243.1842,264.0257,-39.0092
1782,16.964,95.9191,-162.1962
1783,209.2387,253.5949,-100.8381
1784,692.473,951.3385,0.0
1785,318.0028,462.5677,0.0
1786,180.8365,212.5532,-154.0073
1787,78.6577,80.816,78.4014
1788,111.7447,179.264,-164.7512
1789,-14.7534,87.7637,-206.2943
1790,183.6847,237.8496,-97.5623
1791,5.6298,224.4864,0.0
1792,162.3999,172.738,-28.3016
1793,141.4833,288.9765,0.0
1794,394.1022,413.9926,-81.1765
1795,225.0365,239.926,-41.4011
1796,425.9085,504.8208,-149.7368
1797,16.5913,137.6312,-245.3517
1798,447.655,479.1491,0.0
1799,227.2573,240.2062,-56.5856
1800,1179.3728,1254.8158,0.0
1801,557.37,590.058,0.0
1802,165.7646,210.738,-81.4796
1803,72.5207,136.9729,-255.8421
1804,338.6175,376.6962,-160.4859
1805,33.2609,99.3528,-260.3198
1806,220.6695,274.571,-207.1319
1807,590.382,622.824,0.0
1808,246.9398,261.2841,-25.1228
1809,5.6095,9.0314,74.4977
1810,-231.504,-50.1768,-607.2082
1811,968.0587,1003.4783,0.0
1812,249.806,257.7115,7.6898
1813,873.9118,901.6179,0.0
1814,130.2769,145.7322,-61.6998
1815,-51.4059,277.4826,-785.8836
1816,38.7346,41.1736,87.2781
1817,98.1941,191.485,-157.1159
1818,340.0172,349.22,20.3925
1819,125.2305,179.0109,-166.702
1820,143.0832,160.9638,-92.3736
1821,286.8561,305.3032,-73.543
1822,500.6811,640.8577,0.0
1823,701.1694,787.5605,-102.395
1824,93.2687,97.6169,57.279
1825,300.3283,363.431,-203.9728
1826,30.8262,42.7828,-29.314
1827,21.2949,91.8114,-207.8295
1828,-32.0336,-18.5165,-1.2384
1829,213.5633,301.3013,-109.2766
1830,190.2994,218.8008,-45.5577
1831,754.1097,812.2834,-131.4004
1832,1925.0205,2250.8027,-431.3815
1833,393.2175,403.7907,-12.576
1834,151.3832,156.6531,41.5561
1835,109.5168,327.5638,0.0
1836,200.6742,230.2788,-96.8986
1837,320.6592,429.9414,0.0
1838,164.2968,197.3154,-83.4502
1839,348.0441,383.0707,0.0
1840,190.5554,249.799,-32.3132
1841,-9.7084,36.1173,-230.7307
1842,-618.6205,-175.3407,-102.8359
1843,141.7674,153.7546,-47.833
1844,114.7787,121.7532,43.0338
1845,86.2324,103.3566,-57.9394
1846,496.2634,520.0956,0.0
1847,652.0216,744.4551,0.0
1848,59.9982,70.8638,2.6688
1849,914.8516,979.4258,0.0
1850,742.5082,1197.3141,-606.6991
1851,1304.1333,1734.5249,0.0
1852,915.5392,1074.9047,0.0
1853,208.5275,228.4463,-95.8673
1854,158.2105,193.1372,-119.0673
1855,2135.7474,2316.6595,0.0
1856,172.588,186.7157,-53.6281
1857,1103.6712,1242.7088,0.0
1858,-205.0019,239.0671,0.0
1859,92.1658,114.3109,-104.9096
1860,164.643,173.0298,7.2677
1861,680.7583,746.8524,0.0
1862,311.1201,338.2074,-50.3385
1863,3272.502,3689.6308,0.0
1864,264.8132,282.5416,-68.4329
1865,702.186,757.9606,-9.001
1866,625.3605,651.5976,-54.2779
1867,119.5912,125.8024,43.4053
1868,317.1832,333.9439,-61.6701
1869,1.8915,111.0277,-264.8544
1870,158.5269,165.1606,-0.897
1871,1004.8102,2356.8724,0.0
1872,605.2981,792.9202,0.0
1873,-286.1412,75.4509,0.0
1874,-47.4183,123.3472,-438.2631
1875,-68.9084,267.4037,-632.114
1876,201.6796,230.0121,-102.8317
1877,27.9694,37.2437,28.5931
1878,251.71,263.483,-35.0892
1879,529.1248,562.682,-50.6563
1880,118.1376,126.9408,-9.7846
1881,726.4374,814.1504,-35.2093
1882,1611.2512,1931.3796,-571.0702
1883,537.6373,692.1399,-204.1054
1884,-321.0851,317.2203,0.0
1885,161.5723,170.4411,-16.0576
1886,-19.4143,66.0808,-219.5974
1887,408.4901,431.3251,-27.0652
1888,615.4056,686.0724,0.0
1889,751.4736,777.5618,0.0
1890,284.7678,315.1216,-45.9693
1891,299.2575,318.7258,-64.976
1892,1462.4983,1515.9791,0.0
1893,1151.2071,1189.8164,0.0
1894,279.5363,290.4509,-15.7488
1895,-227.913,-24.8504,-501.1234
1896,-736.5582,602.1145,0.0
1897,235.86,273.1508,-20.4135
1898,151.0201,159.8381,-6.8525
1899,1442.9106,1641.2074,-247.4181
1900,321.8363,456.0975,0.0
1901,270.5039,389.7843,0.0
1902,5.6159,15.7495,24.3009
1903,480.1376,490.6865,-3.6951
1904,-7.0467,3.4767,36.1384
1905,240.942,248.5713,1.2873
1906,298.8272,376.3148,0.0
1907,49.594,55.2935,65.1446
1908,31.8515,39.5623,19.6567
1909,482.7136,539.4126,-47.3171
1910,765.6622,822.7261,0.0
1911,134.6992,182.6647,-58.903
1912,153.6091,187.0122,-73.8907
1913,110.017,176.9135,-67.7262
1914,44.3442,67.8681,-33.199
1915,84.0925,89.133,33.7266
1916,332.8951,348.02,-32.3052
1917,183.077,271.3553,-203.585
1918,5.9962,87.6288,-236.4204
1919,1152.1336,1231.4298,0.0
1920,677.417,717.0504,-89.1151
1921,1526.7975,1584.8918,0.0
1922,193.4585,204.7725,-14.1308
1923,206.9421,265.1752,-66.8004
1924,-230.1227,57.0272,-1142.1252
1925,346.7483,448.1328,-14.2716
1926,337.5544,370.723,-37.6437
1927,252.3742,266.8235,-18.1781
1928,24.5277,26.0288,84.0194
1929,3220.179,3875.6089,0.0
1930,394.8498,467.6944,-45.4835
1931,819.7721,1029.6677,-226.1898
1932,1146.5463,1187.8352,0.0
1933,157.0583,179.3792,-82.3294
1934,485.544,508.1405,-31.0973
1935,390.1686,400.9191,6.4955
1936,-1444.1571,-492.8219,0.0
1937,1587.0541,1676.9405,0.0
1938,370.4458,417.5165,0.0
1939,-504.7623,-268.2359,-1111.3208
1940,11.9522,23.124,2.6718
1941,730.7339,809.2962,0.0
1942,270.1018,273.7166,57.7385
1943,1003.2962,1476.1295,0.0
1944,303.3759,416.7277,-253.0236
1945,474.1072,615.9017,0.0
1946,1594.3162,1695.9798,0.0
1947,330.9621,358.1742,-118.9298
1948,-291.5718,12.2669,-627.4015
1949,512.7521,670.6482,-377.9929
1950,57.4715,67.2763,1.0229
1951,65.9964,72.0364,38.0767
1952,263.6968,898.1161,0.0
1953,684.9673,724.6672,-35.9157
1954,892.4724,1785.9684,0.0
1955,779.0211,874.6888,0.0
1956,568.8109,852.5247,0.0
1957,-134.3077,177.3109,-119.5174
1958,140.2612,227.3853,-342.3302
1959,422.7798,443.2248,-28.6666
1960,1259.187,1381.34,0.0
1961,1463.6984,1758.9306,0.0
1962,280.5699,493.7756,0.0
1963,209.4465,216.0762,18.3625
1964,1389.2338,1462.6575,0.0
1965,647.1796,749.8459,-189.3653
1966,727.0221,888.3952,0.0
1967,-374.1556,-93.0353,0.0
1968,477.2978,525.7434,0.0
1969,362.3356,392.5589,-53.6885
1970,938.1331,1065.2171,0.0
1971,1041.674,1156.2596,0.0
1972,323.9279,351.3476,0.0
1973,198.5153,330.9379,-189.1982
1974,286.3738,296.1754,39.8358
1975,220.4419,270.6095,0.0
1976,30.6265,31.6434,94.137
1977,510.3601,551.2031,0.0
1978,265.9205,274.2095,18.4193
1979,280.5735,329.5601,-6.8957
1980,469.337,530.0942,-200.1378
1981,82.4403,89.6454,48.8337
1982,299.1766,337.4723,-134.7604
1983,317.9749,332.5446,-55.935
1984,194.3587,214.6671,-69.8713
1985,105.166,115.6768,31.3592
1986,925.8104,1286.1188,0.0
1987,211.2731,250.6435,-131.4258
1988,-12.0731,10.5954,-56.0792
1989,1451.1266,1742.3671,0.0
1990,183.3631,205.8458,-89.7916
1991,216.014,224.5634,-20.1091
1992,154.6753,166.5293,-23.9838
1993,997.0661,1026.2317,0.0
1994,778.2403,831.714,-80.6127
1995,1519.0173,1689.8605,0.0
1996,1157.715,1359.9214,0.0
1997,149.26,198.3286,-128.5342
1998,96.9398,110.3807,-12.5369
1999,708.9341,751.0774,-93.5008
