rank,alpha_L,alpha_S1,alpha_S2,T_L,T_S1,T_S2,base_q1,base_q2,gamma,d_min,P_success,E_W,CVaR_W,P_W_positive,E_breach_depth,n_rolls,score
1,1.0,0.8,0.65,130,24,67,2,2,1.0,21,0.0175,2597.0561,2014.8554,1.0,53.3323,168.0,1032.0561
2,1.0,0.8,0.65,130,24,67,2,2,0.5,21,0.0175,2597.0531,2014.8554,1.0,53.3326,168.0,1032.0531
3,1.0,0.8,0.65,130,24,67,2,2,0.0,21,0.0175,2597.0501,2014.8554,1.0,53.3326,168.0,1032.0501
4,1.0,0.8,0.65,130,24,67,1,2,1.0,21,0.0175,2466.432,2009.5334,1.0,52.2775,168.0,901.432
5,1.0,0.8,0.65,130,24,67,1,2,0.5,21,0.0175,2466.426,2009.5334,1.0,52.2779,168.0,901.426
6,1.0,0.8,0.65,130,24,67,1,2,0.0,21,0.0175,2466.423,2009.5334,1.0,52.2779,168.0,901.423
7,1.0,0.8,0.65,130,24,67,2,1,1.0,21,0.0185,2362.2123,2001.5615,1.0,52.1985,168.0,799.2123
8,1.0,0.8,0.65,130,24,67,2,1,0.5,21,0.0185,2362.2063,2001.5615,1.0,52.1988,168.0,799.2063
9,1.0,0.8,0.65,130,24,67,2,1,0.0,21,0.0185,2362.2033,2001.5615,1.0,52.1988,168.0,799.2033
10,1.0,0.8,0.6,130,24,67,2,2,1.0,21,0.018,2355.1227,1797.0549,1.0,52.7383,168.0,791.1227
11,1.0,0.8,0.6,130,24,67,2,2,0.5,21,0.018,2355.1178,1797.0549,1.0,52.7385,168.0,791.1178
12,1.0,0.8,0.6,130,24,67,2,2,0.0,21,0.018,2355.1154,1797.0549,1.0,52.7385,168.0,791.1154
13,0.95,0.8,0.65,193,24,67,2,2,1.0,21,0.017,2345.7262,1811.2411,1.0,53.0787,168.0,779.7262
14,0.95,0.8,0.65,193,24,67,2,2,0.5,21,0.017,2345.7202,1811.2411,1.0,53.0789,168.0,779.7202
15,0.95,0.8,0.65,193,24,67,2,2,0.0,21,0.017,2345.7172,1811.2411,1.0,53.0789,168.0,779.7172
16,1.0,0.75,0.65,130,24,67,2,2,1.0,21,0.018,2343.3263,1788.8857,1.0,52.9088,168.0,779.3263
17,1.0,0.75,0.65,130,24,67,2,2,0.5,21,0.018,2343.3203,1788.8857,1.0,52.909,168.0,779.3203
18,1.0,0.75,0.65,130,24,67,2,2,0.0,21,0.018,2343.3173,1788.8857,1.0,52.909,168.0,779.3173
19,1.0,0.75,0.65,130,24,67,1,2,1.0,21,0.018,2232.7456,1784.8833,1.0,52.0495,168.0,668.7456
20,1.0,0.75,0.65,130,24,67,1,2,0.5,21,0.018,2232.7396,1784.8833,1.0,52.0498,168.0,668.7396
21,1.0,0.75,0.65,130,24,67,1,2,0.0,21,0.018,2232.7366,1784.8833,1.0,52.0498,168.0,668.7366
22,1.0,0.8,0.6,130,24,67,1,2,1.0,21,0.018,2224.4981,1791.7724,1.0,51.6734,168.0,660.4981
23,1.0,0.8,0.6,130,24,67,1,2,0.5,21,0.018,2224.4931,1791.7724,1.0,51.6737,168.0,660.4931
24,1.0,0.8,0.6,130,24,67,1,2,0.0,21,0.018,2224.4882,1791.7724,1.0,51.6737,168.0,660.4882
25,0.95,0.8,0.65,130,24,67,1,2,0.5,21,0.01,2158.148,1753.7962,1.0,53.2706,168.0,578.148
26,0.95,0.8,0.65,130,24,67,1,2,0.0,21,0.01,2158.145,1753.7962,1.0,53.2708,168.0,578.145
27,0.95,0.8,0.6,193,24,67,2,2,1.0,21,0.019,2103.7865,1593.0597,1.0,52.5181,168.0,541.7865
28,0.95,0.8,0.6,193,24,67,2,2,0.5,21,0.019,2103.7816,1593.0597,1.0,52.5184,168.0,541.7816
29,0.95,0.8,0.6,193,24,67,2,2,0.0,21,0.019,2103.7767,1593.0597,1.0,52.5184,168.0,541.7767
30,1.0,0.75,0.6,130,24,67,2,2,1.0,21,0.0195,2101.3924,1570.9551,1.0,52.3375,168.0,540.3924
31,1.0,0.75,0.6,130,24,67,2,2,0.5,21,0.0195,2101.3875,1570.9551,1.0,52.3378,168.0,540.3875
32,1.0,0.75,0.6,130,24,67,2,2,0.0,21,0.0195,2101.3826,1570.9551,1.0,52.3378,168.0,540.3826
33,0.95,0.75,0.65,193,24,67,2,2,1.0,21,0.0195,2092.0066,1588.028,1.0,52.6696,168.0,531.0066
34,0.95,0.75,0.65,193,24,67,2,2,0.5,21,0.0195,2092.0006,1588.028,1.0,52.6699,168.0,531.0006
35,0.95,0.75,0.65,193,24,67,2,2,0.0,21,0.0195,2091.9976,1588.028,1.0,52.6699,168.0,530.9976
36,1.0,0.8,0.55,130,24,67,2,2,1.0,21,0.019,2086.7688,1555.0555,1.0,52.3642,168.0,524.7688
37,1.0,0.8,0.55,130,24,67,2,2,0.5,21,0.019,2086.6915,1555.0555,1.0,52.3652,168.0,524.6915
38,1.0,0.8,0.55,130,24,67,2,2,0.0,21,0.019,2086.558,1555.0555,1.0,52.3652,168.0,524.558
39,1.0,0.7,0.65,130,24,67,2,2,1.0,21,0.019,2063.0121,1543.4417,1.0,52.5113,168.0,501.0121
40,1.0,0.7,0.65,130,24,67,2,2,0.5,21,0.019,2063.0061,1543.4417,1.0,52.5116,168.0,501.0061
41,1.0,0.7,0.65,130,24,67,2,2,0.0,21,0.019,2063.0031,1543.4417,1.0,52.5116,168.0,501.0031
42,0.95,0.8,0.65,130,24,67,2,1,1.0,21,0.0105,2053.9321,1748.5206,1.0,52.9439,168.0,474.9321
43,0.95,0.8,0.65,130,24,67,2,1,0.5,21,0.0105,2053.9261,1748.5206,1.0,52.9443,168.0,474.9261
44,0.95,0.8,0.65,130,24,67,2,1,0.0,21,0.0105,2053.9231,1748.5206,1.0,52.9443,168.0,474.9231
45,0.9,0.8,0.65,193,24,67,1,2,1.0,21,0.012,2048.828,1646.2265,1.0,52.871,168.0,472.828
46,0.9,0.8,0.65,193,24,67,1,2,0.5,21,0.012,2048.822,1646.2265,1.0,52.8711,168.0,472.822
47,0.9,0.8,0.65,193,24,67,1,2,0.0,21,0.012,2048.819,1646.2265,1.0,52.8713,168.0,472.819
48,1.0,0.8,0.5,130,24,67,2,2,1.0,21,0.0195,1957.5829,1446.7758,1.0,52.1005,168.0,396.5829
49,1.0,0.8,0.5,130,24,67,2,2,0.5,21,0.0195,1957.0085,1446.6492,1.0,52.1015,168.0,396.0085
50,1.0,0.8,0.5,130,24,67,2,2,0.0,21,0.0195,1953.4558,1444.0908,1.0,52.1015,168.0,392.4558
51,1.0,0.8,0.65,130,24,39,2,2,1.0,21,0.0195,1931.7442,1463.8913,1.0,52.4045,168.0,370.7442
52,1.0,0.8,0.65,130,24,39,2,2,0.5,21,0.0195,1931.7382,1463.8913,1.0,52.4047,168.0,370.7382
53,1.0,0.8,0.65,130,24,39,2,2,0.0,21,0.0195,1931.7336,1463.8913,1.0,52.4047,168.0,370.7336
54,0.9,0.8,0.65,193,24,67,2,1,1.0,21,0.0125,1944.603,1643.0656,1.0,52.6658,168.0,369.603
55,0.9,0.8,0.65,193,24,67,2,1,0.5,21,0.0125,1944.597,1643.0656,1.0,52.6661,168.0,369.597
56,0.9,0.8,0.65,193,24,67,2,1,0.0,21,0.0125,1944.594,1643.0656,1.0,52.6661,168.0,369.594
57,0.9,0.75,0.65,193,24,67,2,2,0.5,21,0.015,1925.7279,1428.7169,1.0,53.4511,168.0,355.7279
58,0.9,0.75,0.65,193,24,67,2,2,0.0,21,0.015,1925.7249,1428.7169,1.0,53.4514,168.0,355.7249
59,0.95,0.75,0.65,130,24,67,1,2,1.0,21,0.011,1924.479,1531.5911,1.0,53.0125,168.0,346.479
60,0.95,0.75,0.65,130,24,67,1,2,0.5,21,0.011,1924.473,1531.5911,1.0,53.0126,168.0,346.473
61,0.95,0.75,0.65,130,24,67,1,2,0.0,21,0.011,1924.47,1531.5911,1.0,53.0129,168.0,346.47
62,0.95,0.8,0.6,130,24,67,1,2,1.0,21,0.011,1916.2144,1535.6388,1.0,52.5929,168.0,338.2144
63,0.95,0.8,0.6,130,24,67,1,2,0.5,21,0.011,1916.2095,1535.6388,1.0,52.593,168.0,338.2095
64,0.95,0.8,0.6,130,24,67,1,2,0.0,21,0.011,1916.2045,1535.6388,1.0,52.5932,168.0,338.2045
65,0.95,0.8,0.6,130,24,67,2,1,1.0,21,0.0115,1829.0676,1530.0488,1.0,52.7501,168.0,252.0676
66,0.95,0.8,0.6,130,24,67,2,1,0.5,21,0.0115,1829.0627,1530.0488,1.0,52.7504,168.0,252.0627
67,0.95,0.8,0.6,130,24,67,2,1,0.0,21,0.0115,1829.0578,1530.0488,1.0,52.7504,168.0,252.0578
68,0.9,0.8,0.65,130,24,67,1,1,1.0,21,0.0075,1836.4073,1665.8573,1.0,52.6937,168.0,251.4073
69,0.9,0.8,0.65,130,24,67,1,1,0.5,21,0.0075,1836.4013,1665.8573,1.0,52.6938,168.0,251.4013
70,0.9,0.8,0.65,130,24,67,1,1,0.0,21,0.0075,1836.3983,1665.8573,1.0,52.694,168.0,251.3983
71,0.9,0.75,0.65,193,24,67,1,2,1.0,21,0.015,1815.1526,1424.7618,1.0,52.6146,168.0,245.1526
72,0.9,0.75,0.65,193,24,67,1,2,0.5,21,0.015,1815.1466,1424.7618,1.0,52.6147,168.0,245.1466
73,0.9,0.75,0.65,193,24,67,1,2,0.0,21,0.015,1815.1436,1424.7618,1.0,52.615,168.0,245.1436
74,0.95,0.75,0.65,130,24,67,2,1,1.0,21,0.0115,1800.2125,1525.612,1.0,52.5453,168.0,223.2125
75,0.95,0.75,0.65,130,24,67,2,1,0.5,21,0.0115,1800.2065,1525.612,1.0,52.5457,168.0,223.2065
76,0.95,0.75,0.65,130,24,67,2,1,0.0,21,0.0115,1800.2035,1525.612,1.0,52.5457,168.0,223.2035
77,0.95,0.7,0.65,130,24,67,2,2,0.5,21,0.0125,1754.7296,1291.1847,1.0,53.5057,168.0,179.7296
78,0.95,0.7,0.65,130,24,67,2,2,0.0,21,0.0125,1754.7266,1291.1847,1.0,53.506,168.0,179.7266
79,0.95,0.8,0.55,130,24,67,2,2,1.0,21,0.012,1754.4992,1285.3285,1.0,53.1522,168.0,178.4992
80,0.95,0.8,0.55,130,24,67,2,2,0.5,21,0.012,1754.4337,1285.3173,1.0,53.1534,168.0,178.4337
81,0.95,0.8,0.55,130,24,67,2,2,0.0,21,0.012,1754.3805,1285.2771,1.0,53.1534,168.0,178.3805
82,0.9,0.75,0.6,193,24,67,2,2,1.0,21,0.0155,1683.7938,1210.7359,1.0,52.851,168.0,114.7938
83,0.9,0.75,0.6,193,24,67,2,2,0.5,21,0.0155,1683.7889,1210.7359,1.0,52.8513,168.0,114.7889
84,0.9,0.75,0.6,193,24,67,2,2,0.0,21,0.0155,1683.784,1210.7359,1.0,52.8514,168.0,114.784
85,0.95,0.75,0.6,130,24,67,1,2,1.0,21,0.0125,1682.5393,1313.2956,1.0,52.3598,168.0,107.5393
86,0.95,0.75,0.6,130,24,67,1,2,0.5,21,0.0125,1682.5344,1313.2956,1.0,52.3601,168.0,107.5344
87,0.95,0.75,0.6,130,24,67,1,2,0.0,21,0.0125,1682.5295,1313.2956,1.0,52.3602,168.0,107.5295
88,0.95,0.7,0.65,130,24,67,1,2,1.0,21,0.0125,1673.9424,1288.5625,1.0,52.8376,168.0,98.9424
89,0.95,0.7,0.65,130,24,67,1,2,0.5,21,0.0125,1673.9364,1288.5625,1.0,52.8377,168.0,98.9364
90,0.95,0.7,0.65,130,24,67,1,2,0.0,21,0.0125,1673.9334,1288.5625,1.0,52.838,168.0,98.9334
91,0.9,0.7,0.65,193,24,67,2,2,0.5,21,0.0155,1645.3948,1185.4143,1.0,53.1081,168.0,76.3948
92,0.9,0.7,0.65,193,24,67,2,2,0.0,21,0.0155,1645.3918,1185.4143,1.0,53.1083,168.0,76.3918
93,0.9,0.8,0.55,193,24,67,2,2,1.0,21,0.0155,1638.0813,1176.2414,1.0,52.8521,168.0,69.0813
94,0.9,0.8,0.55,193,24,67,2,2,0.5,21,0.0155,1638.0176,1176.2414,1.0,52.8529,168.0,69.0176
95,0.9,0.8,0.55,193,24,67,2,2,0.0,21,0.0155,1637.9602,1176.2414,1.0,52.8532,168.0,68.9602
96,0.95,0.8,0.5,130,24,67,2,2,1.0,21,0.0135,1631.7033,1173.9245,1.0,52.8502,168.0,58.7033
97,0.95,0.8,0.5,130,24,67,2,2,0.5,21,0.0135,1631.3541,1173.8576,1.0,52.8518,168.0,58.3541
98,0.95,0.8,0.5,130,24,67,2,2,0.0,21,0.0135,1629.6566,1172.9951,1.0,52.8518,168.0,56.6566
99,0.95,0.8,0.65,130,24,39,2,2,1.0,21,0.0135,1623.4609,1210.4766,1.0,53.1752,168.0,50.4609
100,0.95,0.8,0.65,130,24,39,2,2,0.5,21,0.0135,1623.4564,1210.4766,1.0,53.1753,168.0,50.4564
101,0.95,0.8,0.65,130,24,39,2,2,0.0,21,0.0135,1623.4518,1210.4766,1.0,53.1756,168.0,50.4518
102,0.95,0.8,0.55,130,24,67,1,2,1.0,21,0.012,1623.9316,1280.1673,1.0,52.1297,168.0,47.9316
103,0.95,0.8,0.55,130,24,67,1,2,0.5,21,0.012,1623.8378,1280.1231,1.0,52.1305,168.0,47.8378
104,0.95,0.8,0.55,130,24,67,1,2,0.0,21,0.012,1623.7559,1280.0629,1.0,52.1311,168.0,47.7559
105,0.9,0.8,0.6,130,24,67,1,1,1.0,21,0.0085,1611.5422,1448.2467,1.0,52.4829,168.0,28.5422
106,0.9,0.8,0.6,130,24,67,1,1,0.5,21,0.0085,1611.5373,1448.2467,1.0,52.483,168.0,28.5373
107,0.9,0.8,0.6,130,24,67,1,1,0.0,21,0.0085,1611.5324,1448.2467,1.0,52.4833,168.0,28.5324
108,0.9,0.75,0.65,130,24,67,1,1,1.0,21,0.008,1602.7319,1444.6299,1.0,52.4794,168.0,18.7319
109,0.9,0.75,0.65,130,24,67,1,1,0.5,21,0.008,1602.7259,1444.6299,1.0,52.4795,168.0,18.7259
110,0.9,0.75,0.65,130,24,67,1,1,0.0,21,0.008,1602.7229,1444.6299,1.0,52.4797,168.0,18.7229
111,0.95,0.75,0.6,130,24,67,2,1,1.0,21,0.013,1575.3481,1307.0651,1.0,52.3695,168.0,1.3481
112,0.95,0.75,0.6,130,24,67,2,1,0.5,21,0.013,1575.3431,1307.0651,1.0,52.3699,168.0,1.3431
113,0.95,0.75,0.6,130,24,67,2,1,0.0,21,0.013,1575.3382,1307.0651,1.0,52.3699,168.0,1.3382
114,0.95,0.8,0.55,130,24,67,2,1,1.0,21,0.013,1566.242,1272.0975,1.0,52.6065,168.0,-7.758
115,0.95,0.8,0.55,130,24,67,2,1,0.5,21,0.013,1566.1664,1272.0588,1.0,52.6076,168.0,-7.8336
116,0.95,0.8,0.55,130,24,67,2,1,0.0,21,0.013,1565.9603,1271.9425,1.0,52.6076,168.0,-8.0397
117,0.9,0.8,0.65,193,24,39,2,2,1.0,21,0.0155,1514.1326,1104.8113,1.0,52.9092,168.0,-54.8674
118,0.9,0.8,0.65,193,24,39,2,2,0.5,21,0.0155,1514.1265,1104.8113,1.0,52.9094,168.0,-54.8735
119,0.9,0.8,0.65,193,24,39,2,2,0.0,21,0.0155,1514.122,1104.8113,1.0,52.9096,168.0,-54.878
120,0.95,0.7,0.6,130,24,67,2,2,1.0,21,0.0135,1512.7972,1072.8241,1.0,52.8491,168.0,-60.2028
121,0.95,0.7,0.6,130,24,67,2,2,0.5,21,0.0135,1512.7911,1072.8241,1.0,52.8493,168.0,-60.2089
122,0.95,0.7,0.6,130,24,67,2,2,0.0,21,0.0135,1512.7861,1072.8241,1.0,52.8494,168.0,-60.2139
123,0.9,0.8,0.5,193,24,67,2,2,1.0,21,0.015,1506.68,1055.2287,1.0,52.5847,168.0,-63.32
124,0.9,0.8,0.5,193,24,67,2,2,0.5,21,0.015,1506.3384,1055.1843,1.0,52.586,168.0,-63.6616
125,0.9,0.8,0.5,193,24,67,2,2,0.0,21,0.015,1505.7744,1055.0729,1.0,52.5862,168.0,-64.2256
126,0.95,0.8,0.65,130,24,39,2,1,1.0,21,0.0135,1503.3633,1204.1866,1.0,52.58,168.0,-69.6367
127,0.95,0.8,0.65,130,24,39,2,1,0.5,21,0.0135,1503.3555,1204.1866,1.0,52.5804,168.0,-69.6445
128,0.95,0.8,0.65,130,24,39,2,1,0.0,21,0.0135,1503.351,1204.1866,1.0,52.5804,168.0,-69.649
129,0.95,0.75,0.55,130,24,67,2,2,1.0,21,0.014,1500.812,1061.5531,1.0,52.7367,168.0,-71.188
130,0.95,0.75,0.55,130,24,67,2,2,0.5,21,0.014,1500.7385,1061.5436,1.0,52.7376,168.0,-71.2615
131,0.95,0.75,0.55,130,24,67,2,2,0.0,21,0.014,1500.661,1061.4835,1.0,52.7377,168.0,-71.339
132,0.9,0.75,0.6,130,24,67,2,1,0.5,21,0.0095,1488.4408,1231.6534,1.0,53.0858,168.0,-92.5592
133,0.9,0.75,0.6,130,24,67,2,1,0.0,21,0.0095,1488.4383,1231.6534,1.0,53.0858,168.0,-92.5617
134,0.95,0.8,0.6,130,24,39,2,2,1.0,21,0.014,1475.0256,1080.9641,1.0,52.8581,168.0,-96.9744
135,0.95,0.8,0.6,130,24,39,2,2,0.5,21,0.014,1475.0171,1080.9641,1.0,52.8585,168.0,-96.9829
136,0.95,0.8,0.6,130,24,39,2,2,0.0,21,0.014,1475.0124,1080.9641,1.0,52.8585,168.0,-96.9876
137,0.95,0.8,0.65,130,24,32,2,2,1.0,21,0.014,1436.1652,1055.9303,1.0,52.9572,168.0,-135.8348
138,0.95,0.8,0.65,130,24,32,2,2,0.5,21,0.014,1436.157,1055.9303,1.0,52.9576,168.0,-135.843
139,0.95,0.8,0.65,130,24,32,2,2,0.0,21,0.014,1436.1514,1055.9303,1.0,52.9576,168.0,-135.8486
140,0.95,0.8,0.5,130,24,67,2,1,1.0,21,0.014,1435.3824,1144.8013,1.0,52.4983,168.0,-136.6176
141,0.95,0.8,0.5,130,24,67,2,1,0.5,21,0.014,1434.5078,1144.2054,1.0,52.4998,168.0,-137.4922
142,0.95,0.7,0.6,130,24,67,1,2,1.0,21,0.0135,1432.0079,1070.2025,1.0,52.1899,168.0,-140.9921
143,0.95,0.7,0.6,130,24,67,1,2,0.5,21,0.0135,1431.9991,1070.2025,1.0,52.1901,168.0,-141.0009
144,0.95,0.7,0.6,130,24,67,1,2,0.0,21,0.0135,1431.9929,1070.2025,1.0,52.1902,168.0,-141.0071
145,0.95,0.8,0.5,130,24,67,2,1,0.0,21,0.014,1429.0719,1139.0862,1.0,52.5,168.0,-142.9281
146,0.9,0.7,0.65,130,24,67,2,1,0.5,21,0.0095,1432.9741,1206.3152,1.0,52.9796,168.0,-148.0259
147,0.9,0.7,0.65,130,24,67,2,1,0.0,21,0.0095,1432.9711,1206.3152,1.0,52.9799,168.0,-148.0289
148,0.9,0.8,0.65,130,24,39,1,2,1.0,21,0.009,1405.9354,1128.1597,1.0,53.0086,168.0,-176.0646
149,0.9,0.8,0.65,130,24,39,1,2,0.5,21,0.009,1405.9308,1128.1597,1.0,53.0087,168.0,-176.0692
150,0.9,0.8,0.65,130,24,39,1,2,0.0,21,0.009,1405.9262,1128.1597,1.0,53.0089,168.0,-176.0738
151,0.9,0.8,0.5,130,24,67,1,2,1.0,21,0.0095,1398.375,1079.1272,1.0,52.6292,168.0,-182.625
152,0.9,0.8,0.5,130,24,67,1,2,0.5,21,0.0095,1398.0703,1079.0658,1.0,52.6297,168.0,-182.9297
153,0.9,0.8,0.5,130,24,67,1,2,0.0,21,0.0095,1397.5787,1078.9651,1.0,52.6307,168.0,-183.4213
154,0.95,0.65,0.6,130,24,67,2,2,1.0,21,0.0145,1383.325,960.499,1.0,52.4649,168.0,-187.675
155,0.95,0.65,0.6,130,24,67,2,2,0.5,21,0.0145,1383.3096,960.499,1.0,52.4651,168.0,-187.6904
156,0.95,0.65,0.6,130,24,67,2,2,0.0,21,0.0145,1383.2996,960.499,1.0,52.4655,168.0,-187.7004
157,0.95,0.75,0.5,130,24,67,2,2,1.0,21,0.0155,1378.3198,949.8464,1.0,52.4671,168.0,-190.6802
158,0.95,0.75,0.5,130,24,67,2,2,0.5,21,0.0155,1377.7172,949.629,1.0,52.4685,168.0,-191.2828
159,0.95,0.75,0.5,130,24,67,2,2,0.0,21,0.0155,1375.937,948.7409,1.0,52.4686,168.0,-193.063
160,0.95,0.75,0.65,130,24,39,2,2,1.0,21,0.0145,1369.7467,986.9937,1.0,52.7722,168.0,-201.2533
161,0.95,0.75,0.65,130,24,39,2,2,0.5,21,0.0145,1369.7385,986.9937,1.0,52.7726,168.0,-201.2615
162,0.95,0.75,0.65,130,24,39,2,2,0.0,21,0.0145,1369.7323,986.9937,1.0,52.7726,168.0,-201.2677
163,0.9,0.75,0.6,130,24,67,1,1,1.0,21,0.0095,1377.8693,1226.9639,1.0,52.2854,168.0,-203.1307
164,0.9,0.75,0.6,130,24,67,1,1,0.5,21,0.0095,1377.8619,1226.9639,1.0,52.2854,168.0,-203.1381
165,0.9,0.75,0.6,130,24,67,1,1,0.0,21,0.0095,1377.857,1226.9639,1.0,52.2857,168.0,-203.143
166,0.95,0.8,0.6,130,24,39,2,1,1.0,21,0.014,1368.3622,1074.1481,1.0,52.4894,168.0,-203.6378
167,0.95,0.8,0.6,130,24,39,2,1,0.5,21,0.014,1368.3498,1074.1481,1.0,52.4896,168.0,-203.6502
168,0.95,0.8,0.6,130,24,39,2,1,0.0,21,0.014,1368.3438,1074.1481,1.0,52.4896,168.0,-203.6562
169,0.95,0.8,0.65,130,24,32,2,1,1.0,21,0.014,1348.3732,1051.0736,1.0,52.5105,168.0,-223.6268
170,0.95,0.8,0.65,130,24,32,2,1,0.5,21,0.014,1348.3626,1051.0736,1.0,52.5108,168.0,-223.6374
171,0.95,0.8,0.65,130,24,32,2,1,0.0,21,0.014,1348.357,1051.0736,1.0,52.5108,168.0,-223.643
172,0.9,0.7,0.65,130,24,67,1,1,1.0,21,0.0095,1352.192,1202.8579,1.0,52.336,168.0,-228.808
173,0.9,0.7,0.65,130,24,67,1,1,0.5,21,0.0095,1352.1827,1202.8579,1.0,52.336,168.0,-228.8173
174,0.9,0.7,0.65,130,24,67,1,1,0.0,21,0.0095,1352.1797,1202.8579,1.0,52.3363,168.0,-228.8203
175,0.9,0.8,0.55,130,24,67,1,1,1.0,21,0.009,1348.5807,1190.8066,1.0,52.3257,168.0,-233.4193
176,0.9,0.8,0.55,130,24,67,1,1,0.5,21,0.009,1348.5022,1190.8066,1.0,52.3257,168.0,-233.4978
177,0.9,0.8,0.55,130,24,67,1,1,0.0,21,0.009,1348.435,1190.8066,1.0,52.3267,168.0,-233.565
178,0.95,0.8,0.6,130,24,32,2,2,1.0,21,0.0145,1334.4498,967.634,1.0,52.6845,168.0,-236.5502
179,0.95,0.8,0.6,130,24,32,2,2,0.5,21,0.0145,1334.441,967.634,1.0,52.6848,168.0,-236.559
180,0.95,0.8,0.6,130,24,32,2,2,0.0,21,0.0145,1334.4348,967.634,1.0,52.6848,168.0,-236.5652
181,0.95,0.8,0.65,130,24,24,2,2,1.0,21,0.0155,1325.1722,964.5928,1.0,52.7865,168.0,-243.8278
182,0.95,0.8,0.65,130,24,24,2,2,0.5,21,0.0155,1325.1627,964.5928,1.0,52.7868,168.0,-243.8373
183,0.95,0.8,0.65,130,24,24,2,2,0.0,21,0.0155,1325.1567,964.5928,1.0,52.7868,168.0,-243.8433
184,0.95,0.65,0.6,130,24,67,1,2,1.0,21,0.015,1314.7023,958.4507,1.0,52.0618,168.0,-255.2977
185,0.95,0.65,0.6,130,24,67,1,2,0.5,21,0.015,1314.6807,958.4507,1.0,52.062,168.0,-255.3193
186,0.95,0.65,0.6,130,24,67,1,2,0.0,21,0.015,1314.6653,958.4507,1.0,52.0624,168.0,-255.3347
187,0.95,0.8,0.55,130,24,39,2,2,1.0,21,0.015,1302.5125,934.5088,1.0,52.6281,168.0,-267.4875
188,0.95,0.8,0.55,130,24,39,2,2,0.5,21,0.015,1302.433,934.4905,1.0,52.6292,168.0,-267.567
189,0.95,0.8,0.55,130,24,39,2,2,0.0,21,0.015,1302.357,934.4357,1.0,52.6291,168.0,-267.643
190,0.9,0.75,0.55,130,24,67,1,2,0.5,21,0.01,1296.1484,978.1149,1.0,52.7263,168.0,-283.8516
191,0.9,0.75,0.55,130,24,67,1,2,0.0,21,0.01,1296.0891,978.1149,1.0,52.7271,168.0,-283.9109
192,0.9,0.8,0.65,130,24,39,1,1,1.0,21,0.0095,1285.8448,1122.7939,1.0,52.3027,168.0,-295.1552
193,0.9,0.8,0.65,130,24,39,1,1,0.5,21,0.0095,1285.8329,1122.7939,1.0,52.3027,168.0,-295.1671
194,0.9,0.8,0.65,130,24,39,1,1,0.0,21,0.0095,1285.8266,1122.7939,1.0,52.3029,168.0,-295.1734
195,0.95,0.8,0.65,130,24,24,2,1,1.0,21,0.0155,1256.5451,960.6407,1.0,52.4441,168.0,-312.4549
196,0.95,0.8,0.65,130,24,24,2,1,0.5,21,0.0155,1256.5338,960.6407,1.0,52.4444,168.0,-312.4662
197,0.95,0.8,0.65,130,24,24,2,1,0.0,21,0.0155,1256.5224,960.6407,1.0,52.4444,168.0,-312.4776
198,0.95,0.8,0.6,130,24,32,2,1,1.0,21,0.0145,1255.1018,962.0973,1.0,52.4161,168.0,-315.8982
199,0.95,0.8,0.6,130,24,32,2,1,0.5,21,0.0145,1255.0894,962.0973,1.0,52.4163,168.0,-315.9106
200,0.95,0.8,0.6,130,24,32,2,1,0.0,21,0.0145,1255.0787,962.0973,1.0,52.4163,168.0,-315.9213
201,0.9,0.8,0.6,130,24,39,1,2,1.0,21,0.0095,1257.5037,998.6331,1.0,52.6273,168.0,-323.4963
202,0.9,0.8,0.6,130,24,39,1,2,0.5,21,0.0095,1257.4926,998.6331,1.0,52.6273,168.0,-323.5074
203,0.9,0.8,0.6,130,24,39,1,2,0.0,21,0.0095,1257.4854,998.6331,1.0,52.6276,168.0,-323.5146
204,0.95,0.8,0.5,130,24,39,2,2,1.0,21,0.0155,1238.4449,880.6191,1.0,52.4857,168.0,-330.5551
205,0.95,0.8,0.5,130,24,39,2,2,0.5,21,0.0155,1238.0787,880.4827,1.0,52.4873,168.0,-330.9213
206,0.95,0.8,0.5,130,24,39,2,2,0.0,21,0.0155,1236.9009,879.8513,1.0,52.4874,168.0,-332.0991
207,0.95,0.75,0.6,130,24,39,2,2,1.0,21,0.0155,1221.316,857.3382,1.0,52.4419,168.0,-347.684
208,0.95,0.75,0.6,130,24,39,2,2,0.5,21,0.0155,1221.3022,857.3382,1.0,52.4423,168.0,-347.6978
209,0.95,0.75,0.6,130,24,39,2,2,0.0,21,0.0155,1221.2928,857.3382,1.0,52.4422,168.0,-347.7072
210,0.95,0.8,0.6,130,24,24,2,2,1.0,21,0.0155,1216.2717,872.3926,1.0,52.5644,168.0,-352.7283
211,0.95,0.8,0.6,130,24,24,2,2,0.5,21,0.0155,1216.2608,872.3926,1.0,52.5646,168.0,-352.7392
212,0.95,0.8,0.6,130,24,24,2,2,0.0,21,0.0155,1216.2498,872.3926,1.0,52.5645,168.0,-352.7502
213,0.9,0.75,0.55,130,24,67,2,1,0.5,21,0.0105,1225.3834,974.2109,1.0,52.9193,168.0,-353.6166
214,0.9,0.75,0.55,130,24,67,2,1,0.0,21,0.0105,1225.3409,974.2109,1.0,52.9196,168.0,-353.6591
215,0.9,0.8,0.65,130,24,32,1,2,1.0,21,0.0095,1218.6425,974.1959,1.0,52.7493,168.0,-362.3575
216,0.9,0.8,0.65,130,24,32,1,2,0.5,21,0.0095,1218.6331,974.1959,1.0,52.7493,168.0,-362.3669
217,0.9,0.8,0.65,130,24,32,1,2,0.0,21,0.0095,1218.6263,974.1959,1.0,52.7495,168.0,-362.3737
218,0.9,0.8,0.5,130,24,67,1,1,1.0,21,0.01,1215.7431,1061.9636,1.0,52.2161,168.0,-364.2569
219,0.9,0.8,0.5,130,24,67,1,1,0.5,21,0.01,1214.9572,1061.4658,1.0,52.2167,168.0,-365.0428
220,0.9,0.8,0.5,130,24,67,1,1,0.0,21,0.01,1211.5453,1058.4609,1.0,52.2177,168.0,-368.4547
221,0.9,0.7,0.6,130,24,67,2,1,1.0,21,0.0105,1208.1227,988.619,1.0,52.7787,168.0,-370.8773
222,0.9,0.7,0.6,130,24,67,2,1,0.5,21,0.0105,1208.1114,988.619,1.0,52.7789,168.0,-370.8886
223,0.9,0.7,0.6,130,24,67,2,1,0.0,21,0.0105,1208.1052,988.619,1.0,52.7792,168.0,-370.8948
224,0.95,0.75,0.65,130,24,32,2,2,1.0,21,0.0155,1182.4539,832.5542,1.0,52.5506,168.0,-386.5461
225,0.95,0.75,0.65,130,24,32,2,2,0.5,21,0.0155,1182.4407,832.5542,1.0,52.551,168.0,-386.5593
226,0.95,0.75,0.65,130,24,32,2,2,0.0,21,0.0155,1182.4319,832.5542,1.0,52.5509,168.0,-386.5681
227,0.9,0.75,0.65,130,24,39,1,2,1.0,21,0.01,1172.2669,906.7628,1.0,52.7581,168.0,-407.7331
228,0.9,0.75,0.65,130,24,39,1,2,0.5,21,0.01,1172.2571,906.7628,1.0,52.7582,168.0,-407.7429
229,0.9,0.75,0.65,130,24,39,1,2,0.0,21,0.01,1172.2509,906.7628,1.0,52.7584,168.0,-407.7491
230,0.9,0.8,0.65,130,24,24,2,1,1.0,21,0.0105,1169.6313,885.5352,1.0,53.131,168.0,-409.3687
231,0.9,0.8,0.65,130,24,24,2,1,0.5,21,0.0105,1169.6217,885.5352,1.0,53.131,168.0,-409.3783
232,0.9,0.8,0.65,130,24,24,2,1,0.0,21,0.0105,1169.6166,885.5352,1.0,53.1313,168.0,-409.3834
233,0.9,0.8,0.6,130,24,32,2,1,1.0,21,0.0105,1168.1857,887.0936,1.0,53.096,168.0,-410.8143
234,0.9,0.8,0.6,130,24,32,2,1,0.5,21,0.0105,1168.1761,887.0936,1.0,53.0963,168.0,-410.8239
235,0.9,0.8,0.6,130,24,32,2,1,0.0,21,0.0105,1168.1717,887.0936,1.0,53.0964,168.0,-410.8283
236,0.9,0.75,0.5,130,24,67,1,2,1.0,21,0.01,1164.846,857.1632,1.0,52.4024,168.0,-415.154
237,0.9,0.75,0.5,130,24,67,1,2,0.5,21,0.01,1164.4713,857.0871,1.0,52.403,168.0,-415.5287
238,0.9,0.75,0.5,130,24,67,1,2,0.0,21,0.01,1163.9033,856.981,1.0,52.4039,168.0,-416.0967
239,0.9,0.75,0.65,130,24,39,2,1,1.0,21,0.0105,1162.7487,906.2363,1.0,52.8867,168.0,-416.2513
240,0.9,0.75,0.65,130,24,39,2,1,0.5,21,0.0105,1162.7388,906.2363,1.0,52.8871,168.0,-416.2612
241,0.9,0.75,0.65,130,24,39,2,1,0.0,21,0.0105,1162.7326,906.2363,1.0,52.8873,168.0,-416.2674
242,0.95,0.8,0.55,130,24,32,2,2,1.0,21,0.0155,1149.5945,814.6401,1.0,52.5113,168.0,-419.4055
243,0.95,0.8,0.55,130,24,32,2,2,0.5,21,0.0155,1149.5329,814.6347,1.0,52.5123,168.0,-419.4671
244,0.95,0.8,0.55,130,24,32,2,2,0.0,21,0.0155,1149.4756,814.597,1.0,52.5122,168.0,-419.5244
245,0.9,0.8,0.6,130,24,39,1,1,1.0,21,0.01,1150.8403,993.2752,1.0,52.1764,168.0,-429.1597
246,0.9,0.8,0.6,130,24,39,1,1,0.5,21,0.01,1150.8266,993.2752,1.0,52.1764,168.0,-429.1734
247,0.9,0.8,0.6,130,24,39,1,1,0.0,21,0.01,1150.8181,993.2752,1.0,52.1766,168.0,-429.1819
248,0.9,0.75,0.6,130,24,39,2,2,0.5,21,0.01,1134.3962,781.0482,1.0,53.225,168.0,-445.6038
249,0.9,0.75,0.6,130,24,39,2,2,0.0,21,0.01,1134.3913,781.0482,1.0,53.2253,168.0,-445.6087
250,0.9,0.8,0.65,130,24,32,1,1,1.0,21,0.01,1130.8552,969.9567,1.0,52.2083,168.0,-449.1448
251,0.9,0.8,0.65,130,24,32,1,1,0.5,21,0.01,1130.8434,969.9567,1.0,52.2084,168.0,-449.1566
252,0.9,0.8,0.65,130,24,32,1,1,0.0,21,0.01,1130.8328,969.9567,1.0,52.2086,168.0,-449.1672
253,0.9,0.8,0.55,130,24,39,2,1,1.0,21,0.0105,1129.793,851.5241,1.0,53.0726,168.0,-449.207
254,0.9,0.8,0.55,130,24,39,2,1,0.5,21,0.0105,1129.729,851.5241,1.0,53.0734,168.0,-449.271
255,0.9,0.8,0.55,130,24,39,2,1,0.0,21,0.0105,1129.6779,851.5241,1.0,53.0738,168.0,-449.3221
256,0.9,0.7,0.6,130,24,67,1,1,1.0,21,0.0105,1127.3377,985.1598,1.0,52.1332,168.0,-451.6623
257,0.9,0.7,0.6,130,24,67,1,1,0.5,21,0.0105,1127.3225,985.1598,1.0,52.1333,168.0,-451.6775
258,0.9,0.7,0.6,130,24,67,1,1,0.0,21,0.0105,1127.3138,985.1598,1.0,52.1336,168.0,-451.6862
259,0.9,0.7,0.55,130,24,67,2,2,0.5,21,0.0105,1126.3829,738.5889,1.0,53.2247,168.0,-452.6171
260,0.9,0.7,0.55,130,24,67,2,2,0.0,21,0.0105,1126.3373,738.5889,1.0,53.225,168.0,-452.6627
261,0.9,0.8,0.6,130,24,32,1,2,1.0,21,0.01,1116.931,885.8199,1.0,52.4324,168.0,-463.069
262,0.9,0.8,0.6,130,24,32,1,2,0.5,21,0.01,1116.9186,885.8199,1.0,52.4325,168.0,-463.0814
263,0.9,0.8,0.6,130,24,32,1,2,0.0,21,0.01,1116.9079,885.8199,1.0,52.4327,168.0,-463.0921
264,0.9,0.75,0.55,130,24,67,1,1,1.0,21,0.0105,1114.9339,969.5662,1.0,52.1109,168.0,-464.0661
265,0.9,0.75,0.55,130,24,67,1,1,0.5,21,0.0105,1114.8401,969.5662,1.0,52.1118,168.0,-464.1599
266,0.9,0.75,0.55,130,24,67,1,1,0.0,21,0.0105,1114.7596,969.5662,1.0,52.1125,168.0,-464.2404
267,0.9,0.8,0.65,130,24,24,1,2,1.0,21,0.01,1107.6541,883.3325,1.0,52.5316,168.0,-472.3459
268,0.9,0.8,0.65,130,24,24,1,2,0.5,21,0.01,1107.6418,883.3325,1.0,52.5316,168.0,-472.3582
269,0.9,0.8,0.65,130,24,24,1,2,0.0,21,0.01,1107.6313,883.3325,1.0,52.5318,168.0,-472.3687
270,0.9,0.75,0.65,130,24,32,2,2,0.5,21,0.01,1095.5367,756.7689,1.0,53.3209,168.0,-484.4633
271,0.9,0.75,0.65,130,24,32,2,2,0.0,21,0.01,1095.5322,756.7689,1.0,53.3211,168.0,-484.4678
272,0.9,0.75,0.5,130,24,67,2,1,1.0,21,0.0105,1092.1347,844.8441,1.0,52.8116,168.0,-486.8653
273,0.95,0.75,0.6,130,24,32,2,2,1.0,21,0.016,1080.7461,744.1587,1.0,52.2896,168.0,-487.2539
274,0.95,0.75,0.6,130,24,32,2,2,0.5,21,0.016,1080.7293,744.1587,1.0,52.2898,168.0,-487.2707
275,0.95,0.75,0.6,130,24,32,2,2,0.0,21,0.016,1080.7153,744.1587,1.0,52.2897,168.0,-487.2847
276,0.9,0.75,0.5,130,24,67,2,1,0.5,21,0.0105,1091.2624,844.1913,1.0,52.8133,168.0,-487.7376
277,0.9,0.75,0.5,130,24,67,2,1,0.0,21,0.0105,1088.4513,841.8433,1.0,52.8136,168.0,-490.5487
278,0.95,0.75,0.65,130,24,24,2,2,1.0,21,0.0165,1071.4655,741.27,1.0,52.3793,168.0,-495.5345
279,0.95,0.75,0.65,130,24,24,2,2,0.5,21,0.0165,1071.4508,741.27,1.0,52.3796,168.0,-495.5492
280,0.95,0.75,0.65,130,24,24,2,2,0.0,21,0.0165,1071.4371,741.27,1.0,52.3795,168.0,-495.5629
281,0.9,0.8,0.55,130,24,39,1,2,1.0,21,0.01,1081.7667,851.1759,1.0,52.3663,168.0,-498.2333
282,0.9,0.8,0.55,130,24,39,1,2,0.5,21,0.01,1081.6753,851.1759,1.0,52.3667,168.0,-498.3247
283,0.9,0.8,0.55,130,24,39,1,2,0.0,21,0.01,1081.5984,851.1759,1.0,52.3676,168.0,-498.4016
284,0.9,0.65,0.6,130,24,67,2,1,1.0,21,0.01,1078.6522,877.216,1.0,52.4205,168.0,-501.3478
285,0.9,0.65,0.6,130,24,67,2,1,0.5,21,0.01,1078.6306,877.216,1.0,52.4203,168.0,-501.3694
286,0.9,0.65,0.6,130,24,67,2,1,0.0,21,0.01,1078.6178,877.216,1.0,52.4207,168.0,-501.3822
287,0.9,0.8,0.6,130,24,24,2,1,1.0,21,0.0105,1072.9715,793.4562,1.0,53.0428,168.0,-506.0285
288,0.9,0.8,0.6,130,24,24,2,1,0.5,21,0.0105,1072.9626,793.4562,1.0,53.0428,168.0,-506.0374
289,0.9,0.8,0.6,130,24,24,2,1,0.0,21,0.0105,1072.9562,793.4562,1.0,53.0433,168.0,-506.0438
290,0.9,0.8,0.5,130,24,39,2,1,1.0,21,0.0105,1062.9133,787.5723,1.0,53.0077,168.0,-516.0867
291,0.9,0.8,0.5,130,24,39,2,1,0.5,21,0.0105,1062.6393,787.4563,1.0,53.0088,168.0,-516.3607
292,0.9,0.8,0.5,130,24,39,2,1,0.0,21,0.0105,1060.9823,786.0765,1.0,53.0094,168.0,-518.0177
293,0.9,0.75,0.65,130,24,39,1,1,1.0,21,0.0105,1052.1778,901.5575,1.0,52.0764,168.0,-526.8222
294,0.9,0.75,0.65,130,24,39,1,1,0.5,21,0.0105,1052.1611,901.5575,1.0,52.0764,168.0,-526.8389
295,0.9,0.75,0.65,130,24,39,1,1,0.0,21,0.0105,1052.1513,901.5575,1.0,52.0769,168.0,-526.8487
296,0.9,0.7,0.55,130,24,67,1,2,0.5,21,0.0105,1045.6174,736.0707,1.0,52.5685,168.0,-533.3826
297,0.9,0.7,0.55,130,24,67,1,2,0.0,21,0.0105,1045.5459,736.0707,1.0,52.5694,168.0,-533.4541
298,0.9,0.8,0.65,130,24,24,1,1,1.0,21,0.0105,1039.0243,879.8324,1.0,52.1276,168.0,-539.9757
299,0.9,0.8,0.65,130,24,24,1,1,0.5,21,0.0105,1039.0102,879.8324,1.0,52.1276,168.0,-539.9898
300,0.9,0.8,0.65,130,24,24,1,1,0.0,21,0.0105,1038.9979,879.8324,1.0,52.1278,168.0,-540.0021
301,0.9,0.8,0.6,130,24,32,1,1,1.0,21,0.0105,1037.5827,881.403,1.0,52.0915,168.0,-541.4173
302,0.9,0.8,0.6,130,24,32,1,1,0.5,21,0.0105,1037.5665,881.403,1.0,52.0915,168.0,-541.4335
303,0.9,0.8,0.6,130,24,32,1,1,0.0,21,0.0105,1037.553,881.403,1.0,52.092,168.0,-541.447
304,0.9,0.75,0.6,130,24,39,2,1,1.0,21,0.0105,1027.7453,776.6565,1.0,52.7797,168.0,-551.2547
305,0.9,0.75,0.6,130,24,39,2,1,0.5,21,0.0105,1027.7334,776.6565,1.0,52.78,168.0,-551.2666
306,0.9,0.75,0.6,130,24,39,2,1,0.0,21,0.0105,1027.7241,776.6565,1.0,52.7803,168.0,-551.2759
307,0.9,0.75,0.6,130,24,39,1,2,1.0,21,0.01,1023.8369,777.1044,1.0,52.414,168.0,-556.1631
308,0.9,0.75,0.6,130,24,39,1,2,0.5,21,0.01,1023.8219,777.1044,1.0,52.4141,168.0,-556.1781
309,0.9,0.75,0.6,130,24,39,1,2,0.0,21,0.01,1023.81,777.1044,1.0,52.4143,168.0,-556.19
310,0.9,0.8,0.5,130,24,32,2,2,1.0,21,0.011,1020.2723,704.2391,1.0,53.1001,168.0,-557.7277
311,0.9,0.8,0.5,130,24,32,2,2,0.5,21,0.011,1020.0964,704.1968,1.0,53.1011,168.0,-557.9036
312,0.9,0.8,0.5,130,24,32,2,2,0.0,21,0.011,1019.8129,704.1326,1.0,53.1015,168.0,-558.1871
313,0.9,0.8,0.55,130,24,24,2,2,1.0,21,0.011,1015.2221,702.5324,1.0,53.1538,168.0,-562.7779
314,0.9,0.8,0.55,130,24,24,2,2,0.5,21,0.011,1015.1793,702.5324,1.0,53.1544,168.0,-562.8207
315,0.9,0.8,0.55,130,24,24,2,2,0.0,21,0.011,1015.1421,702.5324,1.0,53.1547,168.0,-562.8579
316,0.9,0.8,0.5,130,24,39,1,2,1.0,21,0.0105,1013.7937,792.213,1.0,52.19,168.0,-565.2063
317,0.9,0.8,0.5,130,24,39,1,2,0.5,21,0.0105,1013.4361,792.1486,1.0,52.1908,168.0,-565.5639
318,0.9,0.8,0.5,130,24,39,1,2,0.0,21,0.0105,1012.8842,792.0122,1.0,52.1917,168.0,-566.1158
319,0.9,0.8,0.55,130,24,32,2,1,1.0,21,0.0105,1011.5952,734.49,1.0,53.0193,168.0,-567.4048
320,0.9,0.8,0.55,130,24,32,2,1,0.5,21,0.0105,1011.5513,734.49,1.0,53.02,168.0,-567.4487
321,0.9,0.8,0.55,130,24,32,2,1,0.0,21,0.0105,1011.5117,734.49,1.0,53.0205,168.0,-567.4883
322,0.9,0.65,0.6,130,24,67,1,1,1.0,21,0.0105,1010.0285,873.8023,1.0,52.0238,168.0,-568.9715
323,0.9,0.65,0.6,130,24,67,1,1,0.5,21,0.0105,1010.0051,873.8023,1.0,52.0236,168.0,-568.9949
324,0.9,0.65,0.6,130,24,67,1,1,0.0,21,0.0105,1009.9844,873.8023,1.0,52.0242,168.0,-569.0156
325,0.9,0.75,0.65,130,24,32,2,1,1.0,21,0.0105,1007.7576,753.3767,1.0,52.8007,168.0,-571.2424
326,0.9,0.75,0.65,130,24,32,2,1,0.5,21,0.0105,1007.7476,753.3767,1.0,52.8008,168.0,-571.2524
327,0.9,0.75,0.65,130,24,32,2,1,0.0,21,0.0105,1007.7387,753.3767,1.0,52.8014,168.0,-571.2613
328,0.9,0.7,0.65,130,24,39,2,2,0.5,21,0.0105,1002.5078,667.487,1.0,53.2574,168.0,-576.4922
329,0.9,0.7,0.65,130,24,39,2,2,0.0,21,0.0105,1002.4991,667.487,1.0,53.2576,168.0,-576.5009
330,0.9,0.8,0.6,130,24,24,1,2,1.0,21,0.0105,998.7518,791.1243,1.0,52.2929,168.0,-580.2482
331,0.9,0.8,0.6,130,24,24,1,2,0.5,21,0.0105,998.7368,791.1243,1.0,52.2929,168.0,-580.2632
332,0.9,0.8,0.6,130,24,24,1,2,0.0,21,0.0105,998.7232,791.1243,1.0,52.2931,168.0,-580.2768
333,0.9,0.65,0.55,130,24,67,2,2,0.5,21,0.0105,996.9232,626.6276,1.0,52.8882,168.0,-582.0768
334,0.9,0.65,0.55,130,24,67,2,2,0.0,21,0.0105,996.8499,626.6276,1.0,52.8892,168.0,-582.1501
335,0.9,0.75,0.6,130,24,32,2,2,0.5,21,0.011,993.8221,668.2639,1.0,53.0361,168.0,-584.1779
336,0.9,0.75,0.6,130,24,32,2,2,0.0,21,0.011,993.8139,668.2639,1.0,53.0366,168.0,-584.1861
337,0.9,0.7,0.5,130,24,67,2,2,0.5,21,0.0105,994.719,617.3206,1.0,52.9091,168.0,-584.281
338,0.9,0.7,0.5,130,24,67,2,2,0.0,21,0.0105,994.1516,617.2085,1.0,52.9096,168.0,-584.8484
339,0.9,0.75,0.65,130,24,24,2,2,0.5,21,0.011,984.5462,665.981,1.0,53.1223,168.0,-593.4538
340,0.9,0.75,0.65,130,24,24,2,2,0.0,21,0.011,984.5373,665.981,1.0,53.1225,168.0,-593.4627
341,0.9,0.75,0.65,130,24,32,1,2,1.0,21,0.01,984.9742,752.8108,1.0,52.5088,168.0,-595.0258
342,0.9,0.75,0.65,130,24,32,1,2,0.5,21,0.01,984.9609,752.8108,1.0,52.5088,168.0,-595.0391
343,0.9,0.75,0.65,130,24,32,1,2,0.0,21,0.01,984.9509,752.8108,1.0,52.509,168.0,-595.0491
344,0.9,0.75,0.5,130,24,67,1,1,1.0,21,0.0105,982.4051,840.867,1.0,51.999,168.0,-596.5949
345,0.9,0.75,0.5,130,24,67,1,1,0.5,21,0.0105,981.7616,840.5783,1.0,51.9996,168.0,-597.2384
346,0.9,0.75,0.5,130,24,67,1,1,0.0,21,0.0105,977.8699,837.1774,1.0,52.001,168.0,-601.1301
347,0.9,0.8,0.55,130,24,24,2,1,1.0,21,0.011,976.139,699.7775,1.0,52.9903,168.0,-601.861
348,0.9,0.8,0.55,130,24,24,2,1,0.5,21,0.011,976.0943,699.7775,1.0,52.991,168.0,-601.9057
349,0.9,0.8,0.55,130,24,24,2,1,0.0,21,0.011,976.0507,699.7775,1.0,52.9915,168.0,-601.9493
350,0.9,0.8,0.5,130,24,32,2,1,1.0,21,0.011,971.9558,697.8674,1.0,52.9689,168.0,-606.0442
351,0.9,0.8,0.5,130,24,32,2,1,0.5,21,0.011,971.6905,697.6884,1.0,52.9699,168.0,-606.3095
352,0.9,0.8,0.5,130,24,32,2,1,0.0,21,0.011,970.5732,696.7576,1.0,52.9706,168.0,-607.4268
353,0.9,0.75,0.55,130,24,39,2,2,0.5,21,0.011,958.5634,633.6139,1.0,52.9536,168.0,-619.4366
354,0.9,0.75,0.55,130,24,39,2,2,0.0,21,0.011,958.5044,633.6139,1.0,52.9542,168.0,-619.4956
355,0.9,0.7,0.55,130,24,67,2,1,1.0,21,0.011,945.188,731.1236,1.0,52.6103,168.0,-632.812
356,0.9,0.7,0.55,130,24,67,2,1,0.5,21,0.011,945.0906,731.1236,1.0,52.611,168.0,-632.9094
357,0.9,0.7,0.55,130,24,67,2,1,0.0,21,0.011,945.0078,731.1236,1.0,52.6116,168.0,-632.9922
358,0.9,0.8,0.55,130,24,32,1,2,1.0,21,0.0105,930.1548,732.4233,1.0,52.2264,168.0,-648.8452
359,0.9,0.8,0.55,130,24,32,1,2,0.5,21,0.0105,930.0815,732.4233,1.0,52.2269,168.0,-648.9185
360,0.9,0.8,0.55,130,24,32,1,2,0.0,21,0.0105,930.0213,732.4233,1.0,52.2275,168.0,-648.9787
361,0.9,0.65,0.55,130,24,67,1,2,0.5,21,0.0105,928.3074,624.6906,1.0,52.4522,168.0,-650.6926
362,0.9,0.65,0.55,130,24,67,1,2,0.0,21,0.0105,928.2165,624.6906,1.0,52.4532,168.0,-650.7835
363,1.0,0.8,0.65,193,32,67,2,2,0.5,21,0.0345,876.7234,549.238,1.0,52.3198,45.01,-654.2766
364,1.0,0.8,0.65,193,32,67,2,2,0.0,21,0.0345,876.6719,549.238,1.0,52.3235,45.01,-654.3281
365,1.0,0.8,0.65,130,24,67,2,2,0.5,14,0.0205,903.4799,569.7365,1.0,53.0322,50.0,-655.5201
366,1.0,0.8,0.65,130,24,67,2,2,0.0,14,0.0205,903.4535,569.7365,1.0,53.0334,50.0,-655.5465
367,0.9,0.7,0.65,130,24,39,1,2,1.0,21,0.0105,921.7345,664.9161,1.0,52.6,168.0,-657.2655
368,0.9,0.7,0.65,130,24,39,1,2,0.5,21,0.0105,921.7196,664.9161,1.0,52.6,168.0,-657.2804
369,0.9,0.7,0.65,130,24,39,1,2,0.0,21,0.0105,921.7077,664.9161,1.0,52.6002,168.0,-657.2923
370,0.9,0.75,0.65,130,24,24,2,1,1.0,21,0.011,915.9285,663.2494,1.0,52.7333,168.0,-662.0715
371,0.9,0.75,0.65,130,24,24,2,1,0.5,21,0.011,915.9147,663.2494,1.0,52.7333,168.0,-662.0853
372,0.9,0.75,0.65,130,24,24,2,1,0.0,21,0.011,915.9038,663.2494,1.0,52.7339,168.0,-662.0962
373,0.9,0.75,0.6,130,24,32,2,1,1.0,21,0.011,914.4839,664.7727,1.0,52.7041,168.0,-663.5161
374,0.9,0.75,0.6,130,24,32,2,1,0.5,21,0.011,914.47,664.7727,1.0,52.7043,168.0,-663.53
375,0.9,0.75,0.6,130,24,32,2,1,0.0,21,0.011,914.459,664.7727,1.0,52.7046,168.0,-663.541
376,0.9,0.7,0.5,130,24,67,1,2,1.0,21,0.0105,914.4952,614.9925,1.0,52.2555,168.0,-664.5048
377,0.9,0.7,0.5,130,24,67,1,2,0.5,21,0.0105,914.0247,614.8991,1.0,52.2563,168.0,-664.9753
378,0.9,0.7,0.5,130,24,67,1,2,0.0,21,0.0105,913.3601,614.7608,1.0,52.2569,168.0,-665.6399
379,0.9,0.75,0.5,130,24,39,2,2,1.0,21,0.011,890.549,574.3891,1.0,52.7923,168.0,-687.451
380,0.9,0.75,0.5,130,24,39,2,2,0.5,21,0.011,890.2342,574.3078,1.0,52.7933,168.0,-687.7658
381,0.9,0.75,0.5,130,24,39,2,2,0.0,21,0.011,889.7901,574.2223,1.0,52.7942,168.0,-688.2099
382,0.9,0.75,0.6,130,24,32,1,2,1.0,21,0.011,883.2673,664.3112,1.0,52.2199,168.0,-694.7327
383,0.9,0.75,0.6,130,24,32,1,2,0.5,21,0.011,883.2495,664.3112,1.0,52.22,168.0,-694.7505
384,0.9,0.75,0.6,130,24,32,1,2,0.0,21,0.011,883.2325,664.3112,1.0,52.2205,168.0,-694.7675
385,0.9,0.7,0.65,130,24,39,2,1,1.0,21,0.011,882.4278,663.204,1.0,52.5751,168.0,-695.5722
386,0.9,0.7,0.65,130,24,39,2,1,0.5,21,0.011,882.4115,663.204,1.0,52.5751,168.0,-695.5885
387,0.9,0.7,0.65,130,24,39,2,1,0.0,21,0.011,882.3995,663.204,1.0,52.5757,168.0,-695.6005
388,1.0,0.8,0.65,130,32,67,1,2,0.5,21,0.023,858.2598,574.8851,1.0,52.0837,45.01,-695.7402
389,1.0,0.8,0.65,130,32,67,1,2,0.0,21,0.023,858.2111,574.8851,1.0,52.0859,45.01,-695.7889
390,1.0,0.8,0.65,130,24,67,1,2,0.5,14,0.0205,859.3458,564.6673,1.0,51.9464,50.0,-699.6542
391,1.0,0.8,0.65,130,24,67,1,2,0.0,14,0.0205,859.3147,564.6673,1.0,51.9475,50.0,-699.6853
392,0.9,0.75,0.55,130,24,39,2,1,1.0,21,0.011,876.1265,629.2344,1.0,52.6805,168.0,-701.8735
393,0.9,0.75,0.55,130,24,39,2,1,0.5,21,0.011,876.041,629.2344,1.0,52.6812,168.0,-701.959
394,0.9,0.75,0.55,130,24,39,2,1,0.0,21,0.011,875.9652,629.2344,1.0,52.6821,168.0,-702.0348
395,0.9,0.75,0.6,130,24,24,2,2,1.0,21,0.011,875.6526,573.8103,1.0,52.897,168.0,-702.3474
396,0.9,0.75,0.6,130,24,24,2,2,0.5,21,0.011,875.6395,573.8103,1.0,52.897,168.0,-702.3605
397,0.9,0.75,0.6,130,24,24,2,2,0.0,21,0.011,875.6291,573.8103,1.0,52.8975,168.0,-702.3709
398,0.9,0.75,0.65,130,24,24,1,2,1.0,21,0.011,873.9862,661.9944,1.0,52.306,168.0,-704.0138
399,0.9,0.75,0.65,130,24,24,1,2,0.5,21,0.011,873.9707,661.9944,1.0,52.306,168.0,-704.0293
400,0.9,0.75,0.65,130,24,24,1,2,0.0,21,0.011,873.9559,661.9944,1.0,52.3062,168.0,-704.0441
401,1.0,0.8,0.65,130,32,67,2,1,0.5,21,0.0225,842.6788,572.2595,1.0,52.2328,45.01,-712.3212
402,1.0,0.8,0.65,130,32,67,2,1,0.0,21,0.0225,842.6301,572.2595,1.0,52.2368,45.01,-712.3699
403,0.9,0.65,0.5,130,24,67,2,2,0.5,21,0.011,865.2684,505.0514,1.0,52.542,168.0,-712.7316
404,1.0,0.8,0.6,130,32,67,2,2,0.5,21,0.0235,839.9929,524.711,1.0,52.7605,45.01,-713.0071
405,1.0,0.8,0.6,130,32,67,2,2,0.0,21,0.0235,839.9226,524.711,1.0,52.7635,45.01,-713.0774
406,0.9,0.65,0.5,130,24,67,2,2,0.0,21,0.011,864.6641,504.9462,1.0,52.5428,168.0,-713.3359
407,0.9,0.7,0.6,130,24,39,2,2,0.5,21,0.0115,854.0731,537.7262,1.0,52.8952,168.0,-722.9269
408,0.9,0.7,0.6,130,24,39,2,2,0.0,21,0.0115,854.0582,537.7262,1.0,52.8955,168.0,-722.9418
409,1.0,0.8,0.65,130,24,67,2,1,1.0,14,0.022,829.5465,560.2539,1.0,51.8657,50.0,-726.4535
410,1.0,0.8,0.65,130,24,67,2,1,0.5,14,0.022,829.4785,560.2539,1.0,51.8666,50.0,-726.5215
411,1.0,0.8,0.65,130,24,67,2,1,0.0,14,0.022,829.4455,560.2539,1.0,51.8677,50.0,-726.5545
412,1.0,0.8,0.6,130,24,67,2,2,0.5,14,0.0225,826.9526,506.5329,1.0,52.3844,50.0,-728.0474
413,1.0,0.8,0.6,130,24,67,2,2,0.0,14,0.0225,826.8894,506.5243,1.0,52.3879,50.0,-728.1106
414,0.9,0.75,0.55,130,24,39,1,2,1.0,21,0.011,848.1281,629.6791,1.0,52.1376,168.0,-729.8719
415,0.9,0.75,0.55,130,24,39,1,2,0.5,21,0.011,848.0168,629.6791,1.0,52.1383,168.0,-729.9832
416,0.9,0.75,0.55,130,24,39,1,2,0.0,21,0.011,847.923,629.6791,1.0,52.1392,168.0,-730.077
417,1.0,0.75,0.65,130,24,67,2,2,0.5,14,0.0235,814.6283,502.3773,1.0,52.5287,50.0,-738.3717
418,1.0,0.75,0.65,130,24,67,2,2,0.0,14,0.0235,814.5994,502.3773,1.0,52.5307,50.0,-738.4006
419,0.9,0.8,0.0,130,24,24,2,0,1.0,21,0.0115,835.4387,567.4296,1.0,52.829,168.0,-741.5613
420,0.9,0.8,0.0,130,24,32,2,0,1.0,21,0.0115,835.4387,567.4296,1.0,52.829,168.0,-741.5613
421,0.9,0.8,0.0,130,24,39,2,0,1.0,21,0.0115,835.4387,567.4296,1.0,52.829,168.0,-741.5613
422,0.9,0.8,0.0,130,24,67,2,0,1.0,21,0.0115,835.4387,567.4296,1.0,52.829,168.0,-741.5613
423,0.9,0.8,0.0,130,24,24,2,0,0.5,21,0.0115,835.4335,567.4296,1.0,52.829,168.0,-741.5665
424,0.9,0.8,0.0,130,24,32,2,0,0.5,21,0.0115,835.4335,567.4296,1.0,52.829,168.0,-741.5665
425,0.9,0.8,0.0,130,24,39,2,0,0.5,21,0.0115,835.4335,567.4296,1.0,52.829,168.0,-741.5665
426,0.9,0.8,0.0,130,24,67,2,0,0.5,21,0.0115,835.4335,567.4296,1.0,52.829,168.0,-741.5665
427,0.9,0.8,0.0,130,24,24,2,0,0.0,21,0.0115,835.4309,567.4296,1.0,52.829,168.0,-741.5691
428,0.9,0.8,0.0,130,24,32,2,0,0.0,21,0.0115,835.4309,567.4296,1.0,52.829,168.0,-741.5691
429,0.9,0.8,0.0,130,24,39,2,0,0.0,21,0.0115,835.4309,567.4296,1.0,52.829,168.0,-741.5691
430,0.9,0.8,0.0,130,24,67,2,0,0.0,21,0.0115,835.4309,567.4296,1.0,52.829,168.0,-741.5691
431,1.0,0.75,0.65,130,32,67,2,2,0.5,21,0.0235,804.5912,498.0052,1.0,52.8311,45.01,-748.4088
432,1.0,0.75,0.65,130,32,67,2,2,0.0,21,0.0235,804.5417,498.0052,1.0,52.8339,45.01,-748.4583
433,0.9,0.75,0.6,130,24,24,2,1,1.0,21,0.011,819.2743,571.1441,1.0,52.6508,168.0,-758.7257
434,0.9,0.75,0.6,130,24,24,2,1,0.5,21,0.011,819.2586,571.1441,1.0,52.651,168.0,-758.7414
435,0.9,0.75,0.6,130,24,24,2,1,0.0,21,0.011,819.2435,571.1441,1.0,52.6513,168.0,-758.7565
436,0.9,0.7,0.65,130,24,32,2,2,0.5,21,0.0115,815.212,513.541,1.0,53.0014,168.0,-761.788
437,0.9,0.7,0.65,130,24,32,2,2,0.0,21,0.0115,815.1991,513.541,1.0,53.0016,168.0,-761.8009
438,0.9,0.65,0.55,130,24,67,2,1,0.5,21,0.011,815.6231,619.7621,1.0,52.2456,168.0,-762.3769
439,0.9,0.65,0.55,130,24,67,2,1,0.0,21,0.011,815.5204,619.7621,1.0,52.2461,168.0,-762.4796
440,1.0,0.8,0.6,130,32,67,1,2,0.5,21,0.024,788.6925,518.2928,1.0,51.3932,45.01,-763.3075
441,1.0,0.8,0.6,130,32,67,1,2,0.0,21,0.024,788.5531,518.2928,1.0,51.4008,45.01,-763.4469
442,0.9,0.7,0.5,130,24,67,2,1,1.0,21,0.011,812.7091,602.4985,1.0,52.4872,168.0,-765.2909
443,0.9,0.7,0.5,130,24,67,2,1,0.5,21,0.011,811.8843,602.0093,1.0,52.4885,168.0,-766.1157
444,0.9,0.75,0.5,130,24,39,2,1,1.0,21,0.011,809.7213,565.5593,1.0,52.6102,168.0,-768.2787
445,0.9,0.75,0.5,130,24,39,2,1,0.5,21,0.011,809.3177,565.4265,1.0,52.6117,168.0,-768.6823
446,0.9,0.7,0.5,130,24,67,2,1,0.0,21,0.011,808.1182,598.7718,1.0,52.4892,168.0,-769.8818
447,0.9,0.75,0.5,130,24,39,2,1,0.0,21,0.011,807.2695,563.7417,1.0,52.6126,168.0,-770.7305
448,0.9,0.75,0.55,130,24,32,2,2,1.0,21,0.011,807.0394,515.1804,1.0,52.8247,168.0,-770.9606
449,0.9,0.75,0.55,130,24,32,2,2,0.5,21,0.011,806.9792,515.1804,1.0,52.8253,168.0,-771.0208
450,0.9,0.75,0.55,130,24,32,2,2,0.0,21,0.011,806.9272,515.1804,1.0,52.826,168.0,-771.0728
451,1.0,0.8,0.6,130,32,67,2,1,0.5,21,0.0245,779.2335,514.8543,1.0,52.0133,45.01,-771.7665
452,1.0,0.8,0.6,130,32,67,2,1,0.0,21,0.0245,779.0941,514.8543,1.0,52.0194,45.01,-771.9059
453,1.0,0.8,0.6,130,24,67,1,2,1.0,14,0.0225,783.0337,501.5162,1.0,51.2803,50.0,-771.9663
454,1.0,0.8,0.6,130,24,67,1,2,0.5,14,0.0225,782.8795,501.4651,1.0,51.2843,50.0,-772.1205
455,1.0,0.8,0.6,130,24,67,1,2,0.0,14,0.0225,782.7505,501.414,1.0,51.2913,50.0,-772.2495
456,1.0,0.75,0.65,130,24,67,1,2,0.5,14,0.0235,778.5492,498.534,1.0,51.6625,50.0,-774.4508
457,1.0,0.75,0.65,130,24,67,1,2,0.0,14,0.0235,778.5124,498.534,1.0,51.6644,50.0,-774.4876
458,0.95,0.8,0.65,193,24,67,2,2,0.5,14,0.021,780.6951,472.5325,1.0,52.9449,50.0,-777.3049
459,0.95,0.8,0.65,193,24,67,2,2,0.0,14,0.021,780.664,472.5325,1.0,52.9467,50.0,-777.336
460,0.9,0.65,0.5,130,24,67,1,2,1.0,21,0.0115,797.3141,503.3587,1.0,52.1255,168.0,-779.6859
461,0.9,0.65,0.5,130,24,67,1,2,0.5,21,0.0115,796.7704,503.281,1.0,52.1263,168.0,-780.2296
462,0.9,0.65,0.5,130,24,67,1,2,0.0,21,0.0115,796.0307,503.1182,1.0,52.1271,168.0,-780.9693
463,1.0,0.75,0.65,130,32,67,1,2,0.5,21,0.024,762.9734,493.3282,1.0,51.7278,45.01,-789.0266
464,1.0,0.75,0.65,130,32,67,1,2,0.0,21,0.024,762.9114,493.3282,1.0,51.7302,45.01,-789.0886
465,1.0,0.8,0.55,130,32,67,2,2,0.5,21,0.023,764.5406,462.1126,1.0,52.3244,45.01,-789.4594
466,1.0,0.8,0.55,130,32,67,2,2,0.0,21,0.023,763.9487,462.0547,1.0,52.3319,45.01,-790.0513
467,1.0,0.8,0.65,130,24,67,2,2,0.5,7,0.0305,747.3744,346.1839,1.0,52.8463,37.16,-791.6256
468,1.0,0.8,0.65,130,24,67,2,2,0.0,7,0.0305,747.2598,346.1839,1.0,52.8477,37.16,-791.7402
469,0.9,0.75,0.5,130,24,39,1,2,1.0,21,0.011,780.3751,570.5892,1.0,51.9733,168.0,-797.6249
470,0.9,0.75,0.5,130,24,39,1,2,0.5,21,0.011,779.8999,570.5044,1.0,51.974,168.0,-798.1001
471,0.9,0.75,0.5,130,24,39,1,2,0.0,21,0.011,779.2088,570.3564,1.0,51.9755,168.0,-798.7912
472,0.9,0.7,0.6,130,24,39,1,2,1.0,21,0.0115,773.3121,535.1918,1.0,52.2418,168.0,-803.6879
473,0.9,0.7,0.6,130,24,39,1,2,0.5,21,0.0115,773.2856,535.1918,1.0,52.2419,168.0,-803.7144
474,0.9,0.7,0.6,130,24,39,1,2,0.0,21,0.0115,773.2668,535.1918,1.0,52.2422,168.0,-803.7332
475,1.0,0.8,0.55,130,24,67,2,2,0.5,14,0.0255,743.6978,436.6163,1.0,51.9608,50.0,-805.3022
476,1.0,0.8,0.55,130,24,67,2,2,1.0,14,0.025,744.2008,436.6332,1.0,51.9506,50.0,-805.7992
477,1.0,0.8,0.55,130,24,67,2,2,0.0,14,0.0255,742.9438,436.5408,1.0,51.9713,50.0,-806.0562
478,0.9,0.75,0.5,130,24,32,2,2,1.0,21,0.012,766.7472,481.4526,1.0,52.6967,168.0,-809.2528
479,0.9,0.75,0.5,130,24,32,2,2,0.5,21,0.012,766.4815,481.4021,1.0,52.6978,168.0,-809.5185
480,0.9,0.75,0.5,130,24,32,2,2,0.0,21,0.012,766.1001,481.3132,1.0,52.6987,168.0,-809.8999
481,1.0,0.75,0.65,130,32,67,2,1,0.5,21,0.0255,737.6567,489.2322,1.0,51.6707,45.01,-811.3433
482,1.0,0.75,0.65,130,32,67,2,1,0.0,21,0.0255,737.5913,489.2322,1.0,51.6735,45.01,-811.4087
483,1.0,0.75,0.6,130,24,67,2,2,0.5,14,0.025,738.1567,439.1774,1.0,51.8928,50.0,-811.8433
484,1.0,0.75,0.6,130,24,67,2,2,0.0,14,0.025,738.0353,439.1423,1.0,51.8983,50.0,-811.9647
485,0.9,0.75,0.6,130,24,24,1,2,1.0,21,0.011,765.0922,569.7872,1.0,52.0765,168.0,-812.9078
486,0.9,0.75,0.6,130,24,24,1,2,0.5,21,0.011,765.0677,569.7872,1.0,52.0766,168.0,-812.9323
487,0.9,0.75,0.6,130,24,24,1,2,0.0,21,0.011,765.0478,569.7872,1.0,52.0771,168.0,-812.9522
488,0.9,0.75,0.55,130,24,24,2,2,1.0,21,0.012,761.5457,479.9391,1.0,52.7474,168.0,-814.4543
489,0.9,0.75,0.55,130,24,24,2,2,0.5,21,0.012,761.4849,479.9391,1.0,52.7482,168.0,-814.5151
490,0.9,0.75,0.55,130,24,24,2,2,0.0,21,0.012,761.4293,479.9391,1.0,52.7489,168.0,-814.5707
491,1.0,0.75,0.6,130,32,67,2,2,0.5,21,0.0245,734.9692,441.3853,1.0,52.1819,45.01,-816.0308
492,1.0,0.75,0.6,130,32,67,2,2,0.0,21,0.0245,734.8837,441.3853,1.0,52.185,45.01,-816.1163
493,0.9,0.75,0.55,130,24,32,2,1,1.0,21,0.011,757.9255,512.2048,1.0,52.6221,168.0,-820.0745
494,0.9,0.75,0.55,130,24,32,2,1,0.5,21,0.011,757.8591,512.2048,1.0,52.6227,168.0,-820.1409
495,0.9,0.75,0.55,130,24,32,2,1,0.0,21,0.011,757.7989,512.2048,1.0,52.6238,168.0,-820.2011
496,1.0,0.8,0.5,130,32,67,2,2,0.5,21,0.025,728.9618,435.9464,1.0,52.0326,45.01,-821.0382
497,1.0,0.8,0.5,130,32,67,2,2,0.0,21,0.025,725.6142,433.936,1.0,52.0382,45.01,-824.3858
498,1.0,0.7,0.65,130,24,67,2,2,0.5,14,0.026,723.2527,430.1763,1.0,52.082,50.0,-824.7473
499,1.0,0.7,0.65,130,24,67,2,2,0.0,14,0.026,723.2075,430.1763,1.0,52.0845,50.0,-824.7925
500,0.95,0.8,0.65,130,32,67,1,2,0.0,21,0.012,750.7248,490.5845,1.0,53.2299,45.02,-825.2752
501,0.95,0.8,0.6,193,32,67,2,2,0.5,21,0.0225,726.5477,431.346,1.0,52.6683,45.02,-828.4523
502,0.95,0.8,0.6,193,32,67,2,2,0.0,21,0.0225,726.4061,431.346,1.0,52.6774,45.02,-828.5939
503,1.0,0.8,0.65,130,32,39,2,2,0.5,21,0.0245,721.5103,428.6091,1.0,52.3959,45.01,-829.4897
504,1.0,0.8,0.65,130,32,39,2,2,0.0,21,0.0245,721.439,428.6091,1.0,52.4013,45.01,-829.561
505,0.9,0.7,0.6,130,24,39,2,1,1.0,21,0.0115,747.4388,533.6048,1.0,52.4422,168.0,-829.5612
506,0.9,0.7,0.6,130,24,39,2,1,0.5,21,0.0115,747.4111,533.6048,1.0,52.4423,168.0,-829.5889
507,0.9,0.7,0.6,130,24,39,2,1,0.0,21,0.0115,747.391,533.6048,1.0,52.4432,168.0,-829.609
508,1.0,0.8,0.65,130,24,67,1,2,0.5,7,0.031,705.423,341.1724,1.0,51.4454,37.16,-832.577
509,1.0,0.8,0.65,130,24,67,1,2,0.0,7,0.031,705.2822,341.1724,1.0,51.4458,37.16,-832.7178
510,0.95,0.8,0.65,130,24,67,1,2,0.0,14,0.013,740.6674,473.6238,1.0,53.0462,50.0,-833.3326
511,1.0,0.8,0.55,130,32,67,2,1,0.5,21,0.026,708.9493,448.9571,1.0,51.8135,45.01,-839.0507
512,1.0,0.8,0.55,130,32,67,2,1,0.0,21,0.026,706.6517,447.3374,1.0,51.8211,45.01,-841.3483
513,1.0,0.7,0.65,130,32,67,2,2,0.5,21,0.0255,706.7306,419.6692,1.0,52.2944,45.01,-842.2694
514,1.0,0.8,0.5,130,24,67,2,2,1.0,14,0.0255,706.6846,409.403,1.0,51.6698,50.0,-842.3154
515,1.0,0.7,0.65,130,32,67,2,2,0.0,21,0.0255,706.652,419.6692,1.0,52.2969,45.01,-842.348
516,0.9,0.7,0.65,130,24,32,1,2,1.0,21,0.0115,734.4457,510.9498,1.0,52.3468,168.0,-842.5543
517,0.9,0.7,0.65,130,24,32,1,2,0.5,21,0.0115,734.423,510.9498,1.0,52.3469,168.0,-842.577
518,0.9,0.7,0.65,130,24,32,1,2,0.0,21,0.0115,734.4077,510.9498,1.0,52.347,168.0,-842.5923
519,1.0,0.8,0.5,130,24,67,2,2,0.5,14,0.026,704.7062,408.7381,1.0,51.6833,50.0,-843.2938
520,1.0,0.8,0.5,130,24,67,2,2,0.0,14,0.026,700.605,406.182,1.0,51.6899,50.0,-847.395
521,0.9,0.7,0.65,130,24,32,2,1,1.0,21,0.0115,727.4436,510.3441,1.0,52.4733,168.0,-849.5564
522,1.0,0.8,0.6,130,24,67,2,2,0.5,7,0.0315,687.4249,306.735,1.0,52.0435,37.16,-849.5751
523,0.9,0.7,0.65,130,24,32,2,1,0.5,21,0.0115,727.4209,510.3441,1.0,52.4734,168.0,-849.5791
524,0.9,0.7,0.65,130,24,32,2,1,0.0,21,0.0115,727.4056,510.3441,1.0,52.4742,168.0,-849.5944
525,0.95,0.8,0.6,193,24,67,2,2,1.0,14,0.023,704.3152,409.2178,1.0,52.3108,50.0,-849.6848
526,1.0,0.8,0.6,130,24,67,2,2,0.0,7,0.0315,687.1997,306.735,1.0,52.0471,37.16,-849.8003
527,0.95,0.8,0.6,193,24,67,2,2,0.5,14,0.023,704.1641,409.2178,1.0,52.3146,50.0,-849.8359
528,0.95,0.8,0.6,193,24,67,2,2,0.0,14,0.023,704.0372,409.2178,1.0,52.3214,50.0,-849.9628
529,0.9,0.65,0.6,130,24,39,2,2,1.0,21,0.0125,724.6358,425.9366,1.0,52.5207,168.0,-850.3642
530,0.9,0.65,0.6,130,24,39,2,2,0.5,21,0.0125,724.5992,425.9366,1.0,52.5204,168.0,-850.4008
531,0.9,0.65,0.6,130,24,39,2,2,0.0,21,0.0125,724.5708,425.9366,1.0,52.5207,168.0,-850.4292
532,1.0,0.8,0.65,130,24,67,2,1,0.5,7,0.0325,682.7142,338.4094,1.0,51.4256,37.16,-852.2858
533,1.0,0.8,0.65,130,24,39,2,2,0.5,14,0.026,694.8436,399.8521,1.0,52.0358,50.0,-853.1564
534,1.0,0.8,0.65,130,24,39,2,2,0.0,14,0.026,694.7819,399.8521,1.0,52.0376,50.0,-853.2181
535,0.9,0.75,0.55,130,24,24,2,1,1.0,21,0.012,722.4682,477.4495,1.0,52.586,168.0,-853.5318
536,0.9,0.75,0.55,130,24,24,2,1,0.5,21,0.012,722.398,477.4495,1.0,52.5868,168.0,-853.602
537,0.9,0.75,0.55,130,24,24,2,1,0.0,21,0.012,722.3379,477.4495,1.0,52.5877,168.0,-853.6621
538,1.0,0.8,0.65,130,32,39,2,1,0.5,21,0.0275,688.6336,423.8771,1.0,51.8235,45.01,-856.3664
539,1.0,0.8,0.65,130,32,39,2,1,0.0,21,0.0275,688.5479,423.8771,1.0,51.8287,45.01,-856.4521
540,0.9,0.75,0.5,130,24,32,2,1,1.0,21,0.012,718.6639,475.6913,1.0,52.5676,168.0,-857.3361
541,0.9,0.75,0.5,130,24,32,2,1,0.5,21,0.012,718.3242,475.5899,1.0,52.5688,168.0,-857.6758
542,0.9,0.75,0.5,130,24,32,2,1,0.0,21,0.012,716.8604,474.417,1.0,52.5701,168.0,-859.1396
543,0.95,0.75,0.65,193,24,67,2,2,0.5,14,0.024,691.8545,406.5865,1.0,52.4351,50.0,-860.1455
544,0.95,0.75,0.65,193,24,67,2,2,0.0,14,0.024,691.8177,406.5865,1.0,52.4366,50.0,-860.1823
545,0.9,0.7,0.6,130,24,32,2,2,1.0,21,0.0125,713.5293,424.9549,1.0,52.6967,168.0,-861.4707
546,0.9,0.7,0.6,130,24,32,2,2,0.5,21,0.0125,713.5011,424.9549,1.0,52.6967,168.0,-861.4989
547,0.9,0.7,0.6,130,24,32,2,2,0.0,21,0.0125,713.4808,424.9549,1.0,52.6972,168.0,-861.5192
548,0.95,0.75,0.65,193,32,67,2,2,0.5,21,0.0235,691.1146,406.0624,1.0,52.7182,45.02,-861.8854
549,0.95,0.75,0.65,193,32,67,2,2,0.0,21,0.0235,691.0526,406.0624,1.0,52.7215,45.02,-861.9474
550,1.05,0.8,0.65,130,39,67,2,2,0.5,21,0.042,653.9452,315.6895,1.0,52.4314,28.0,-862.0548
551,1.05,0.8,0.65,130,39,67,2,2,0.0,21,0.042,653.8041,315.6895,1.0,52.4349,28.0,-862.1959
552,0.95,0.8,0.65,130,24,67,2,1,0.5,14,0.0135,710.8031,470.1312,1.0,52.7198,50.0,-862.1969
553,0.95,0.8,0.65,130,24,67,2,1,0.0,14,0.0135,710.7749,470.1312,1.0,52.7211,50.0,-862.2251
554,0.95,0.8,0.6,130,24,67,2,2,0.0,14,0.0145,708.1773,415.1878,1.0,53.3705,50.0,-862.8227
555,1.0,0.75,0.65,130,24,67,2,2,0.5,7,0.0335,668.7282,301.4332,1.0,52.0964,37.16,-864.2718
556,1.0,0.75,0.65,130,24,67,2,2,0.0,7,0.0335,668.5979,301.4332,1.0,52.099,37.16,-864.4021
557,1.0,0.8,0.6,130,32,39,2,2,0.5,21,0.0265,678.4739,395.4189,1.0,52.044,45.01,-868.5261
558,1.0,0.8,0.6,130,32,39,2,2,0.0,21,0.0265,678.334,395.4189,1.0,52.0494,45.01,-868.666
559,1.0,0.8,0.65,130,32,32,2,2,0.5,21,0.0265,678.1074,393.048,1.0,52.2093,45.01,-868.8926
560,1.0,0.8,0.65,130,32,32,2,2,0.0,21,0.0265,678.0252,393.048,1.0,52.2146,45.01,-868.9748
561,1.0,0.8,0.5,130,32,67,2,1,1.0,21,0.0265,676.3883,419.1197,1.0,51.6344,45.01,-870.6117
562,0.9,0.7,0.65,130,24,24,2,2,1.0,21,0.012,704.2485,422.7671,1.0,52.7903,168.0,-871.7515
563,0.9,0.7,0.65,130,24,24,2,2,0.5,21,0.012,704.2227,422.7671,1.0,52.7904,168.0,-871.7773
564,0.9,0.7,0.65,130,24,24,2,2,0.0,21,0.012,704.2042,422.7671,1.0,52.7908,168.0,-871.7958
565,1.0,0.8,0.5,130,32,67,2,1,0.5,21,0.027,673.8109,417.6148,1.0,51.6539,45.01,-872.1891
566,1.0,0.7,0.65,130,32,67,1,2,0.5,21,0.0255,676.411,416.5259,1.0,51.4587,45.01,-872.589
567,1.0,0.7,0.65,130,32,67,1,2,0.0,21,0.0255,676.3195,416.5259,1.0,51.4611,45.01,-872.6805
568,1.0,0.8,0.65,193,32,67,2,2,0.0,7,0.0445,635.5001,217.7651,1.0,52.4605,28.28,-875.4999
569,1.0,0.8,0.65,193,39,67,2,2,0.0,21,0.0365,650.2577,340.7948,1.0,52.5569,28.0,-876.7423
570,1.0,0.8,0.5,130,32,67,2,1,0.0,21,0.027,668.2909,412.7173,1.0,51.6551,45.01,-877.7091
571,1.0,0.75,0.55,130,32,67,2,2,0.5,21,0.0275,659.6949,378.677,1.0,51.7606,45.01,-885.3051
572,0.95,0.8,0.65,193,24,67,2,2,0.0,7,0.0265,661.1698,286.0583,1.0,53.0509,38.13,-885.8302
573,1.0,0.75,0.55,130,32,67,2,2,0.0,21,0.0275,658.9098,378.5937,1.0,51.7706,45.01,-886.0902
574,1.0,0.8,0.6,130,24,67,1,2,0.5,7,0.0325,645.6281,301.7718,1.0,50.6209,37.16,-889.3719
575,1.0,0.8,0.65,130,32,32,2,1,0.5,21,0.0285,653.1414,389.395,1.0,51.7448,45.01,-889.8586
576,1.0,0.8,0.65,130,32,32,2,1,0.0,21,0.0285,653.0552,389.395,1.0,51.7499,45.01,-889.9448
577,1.0,0.8,0.6,130,32,39,2,1,0.5,21,0.029,650.2763,390.3956,1.0,51.6673,45.01,-891.7237
578,1.0,0.8,0.6,130,32,39,2,1,0.0,21,0.029,650.1324,390.3956,1.0,51.6719,45.01,-891.8676
579,0.95,0.8,0.6,130,32,67,1,2,0.5,21,0.0135,681.1099,434.0315,1.0,52.5045,45.02,-891.8901
580,0.95,0.8,0.6,130,32,67,1,2,0.0,21,0.0135,681.0296,434.0315,1.0,52.5074,45.02,-891.9704
581,0.95,0.8,0.65,130,32,67,1,1,0.5,21,0.012,683.8095,482.3298,1.0,51.8325,45.02,-892.1905
582,0.95,0.8,0.65,130,32,67,1,1,0.0,21,0.012,683.7495,482.3298,1.0,51.8349,45.02,-892.2505
583,1.0,0.8,0.65,193,32,67,2,2,0.5,14,0.0395,628.4458,301.8418,1.0,52.1737,29.47,-892.5542
584,1.0,0.8,0.65,193,32,67,2,2,0.0,14,0.0395,628.3109,301.8418,1.0,52.1777,29.47,-892.6891
585,0.9,0.8,0.65,193,32,67,1,2,0.0,21,0.012,681.7371,430.8327,1.0,53.0493,45.05,-894.2629
586,1.0,0.8,0.6,130,32,32,2,2,1.0,21,0.028,649.0914,371.7494,1.0,51.8969,45.01,-894.9086
587,1.0,0.8,0.6,130,32,32,2,2,0.5,21,0.028,648.9434,371.7494,1.0,51.9049,45.01,-895.0566
588,1.0,0.8,0.6,130,32,32,2,2,0.0,21,0.028,648.8043,371.7494,1.0,51.9098,45.01,-895.1957
589,0.9,0.7,0.55,130,24,39,2,2,1.0,21,0.0125,678.4077,390.2285,1.0,52.6318,168.0,-896.5923
590,0.9,0.7,0.55,130,24,39,2,2,0.5,21,0.0125,678.2791,390.2285,1.0,52.6326,168.0,-896.7209
591,0.9,0.7,0.55,130,24,39,2,2,0.0,21,0.0125,678.1713,390.2285,1.0,52.6337,168.0,-896.8287
592,1.0,0.75,0.65,130,24,67,1,2,0.5,7,0.034,634.6124,297.6867,1.0,50.9862,37.16,-897.3876
593,1.0,0.75,0.65,130,24,67,1,2,0.0,7,0.034,634.4677,297.6867,1.0,50.9884,37.16,-897.5323
594,1.0,0.8,0.65,130,32,24,2,2,0.5,21,0.0285,644.2589,365.5036,1.0,52.0206,45.01,-898.7411
595,1.0,0.8,0.65,130,32,24,2,2,0.0,21,0.0285,644.1765,365.5036,1.0,52.026,45.01,-898.8235
596,0.95,0.8,0.6,130,32,67,2,1,0.0,21,0.014,671.5972,432.8399,1.0,52.8811,45.02,-900.4028
597,0.9,0.8,0.65,193,24,67,1,2,0.5,14,0.0135,668.3394,413.6283,1.0,52.8241,50.01,-904.6606
598,0.9,0.8,0.65,193,24,67,1,2,0.0,14,0.0135,668.3038,413.6283,1.0,52.8238,50.01,-904.6962
599,0.95,0.8,0.55,193,32,67,2,2,0.0,21,0.0245,644.8508,364.5725,1.0,52.2626,45.02,-906.1492
600,0.95,0.8,0.55,193,32,67,2,2,0.5,21,0.024,645.3138,364.5725,1.0,52.2518,45.02,-906.6862
601,0.95,0.8,0.6,130,24,67,1,2,0.5,14,0.0145,664.1625,410.4677,1.0,52.3289,50.0,-906.8375
602,0.95,0.8,0.6,130,24,67,1,2,0.0,14,0.0145,664.0407,410.4677,1.0,52.3338,50.0,-906.9593
603,1.0,0.8,0.55,130,24,67,2,2,0.5,7,0.035,621.7125,262.2828,1.0,51.479,37.16,-908.2875
604,1.0,0.8,0.6,130,39,67,2,2,0.0,21,0.0275,635.3929,337.7192,1.0,52.8454,28.0,-909.6071
605,0.9,0.8,0.65,193,32,67,2,1,0.5,21,0.012,666.1994,430.0395,1.0,53.0111,45.05,-909.8006
606,1.0,0.8,0.55,130,32,39,2,2,0.5,21,0.028,634.1791,360.6228,1.0,51.788,45.01,-909.8209
607,1.0,0.7,0.6,130,32,67,2,2,0.5,21,0.0265,637.1692,363.056,1.0,51.6271,45.01,-909.8308
608,0.9,0.8,0.65,193,32,67,2,1,0.0,21,0.012,666.1507,430.0395,1.0,53.0146,45.05,-909.8493
609,1.0,0.7,0.6,130,32,67,2,2,0.0,21,0.0265,636.994,363.056,1.0,51.6332,45.01,-910.006
610,0.95,0.75,0.65,130,24,67,1,2,0.5,14,0.015,659.9144,408.9633,1.0,52.7463,50.0,-910.0856
611,0.95,0.75,0.65,130,24,67,1,2,0.0,14,0.015,659.8842,408.9633,1.0,52.7461,50.0,-910.1158
612,1.0,0.8,0.6,130,32,67,2,2,0.0,7,0.0355,618.6613,221.1836,1.0,52.335,28.28,-910.3387
613,1.0,0.8,0.55,130,32,39,2,2,0.0,21,0.028,633.6121,360.5515,1.0,51.7976,45.01,-910.3879
614,1.0,0.8,0.65,130,32,67,1,2,0.5,7,0.033,622.037,241.4513,1.0,51.3733,28.28,-911.963
615,1.0,0.8,0.65,130,39,67,1,2,0.0,21,0.0245,638.3743,364.4354,1.0,51.9581,28.0,-912.6257
616,1.0,0.8,0.65,130,39,67,2,1,0.5,21,0.024,637.2792,364.5001,1.0,52.2785,28.0,-914.7208
617,1.0,0.8,0.65,130,39,67,2,1,0.0,21,0.024,637.165,364.5001,1.0,52.2834,28.0,-914.835
618,0.95,0.75,0.65,130,32,67,1,2,0.5,21,0.0145,655.4712,410.3999,1.0,52.8728,45.02,-915.5288
619,0.95,0.75,0.65,130,32,67,1,2,0.0,21,0.0145,655.4171,410.3999,1.0,52.8726,45.02,-915.5829
620,1.0,0.75,0.5,130,32,67,2,2,0.5,21,0.029,624.6301,352.6427,1.0,51.4536,45.01,-917.3699
621,1.0,0.8,0.6,193,39,67,2,2,0.5,21,0.039,604.3796,306.5583,1.0,51.8693,28.0,-917.6204
622,0.9,0.65,0.6,130,24,39,1,2,1.0,21,0.013,656.0255,423.8961,1.0,52.1154,168.0,-917.9745
623,1.0,0.8,0.6,193,39,67,2,2,0.0,21,0.039,603.9926,306.5583,1.0,51.8855,28.0,-918.0074
624,0.9,0.65,0.6,130,24,39,1,2,0.5,21,0.013,655.9764,423.8961,1.0,52.1151,168.0,-918.0236
625,0.9,0.65,0.6,130,24,39,1,2,0.0,21,0.013,655.9374,423.8961,1.0,52.1156,168.0,-918.0626
626,1.0,0.75,0.6,130,24,67,2,2,0.5,7,0.036,608.9286,261.7681,1.0,51.3272,37.16,-919.0714
627,1.0,0.75,0.6,130,24,67,2,2,0.0,7,0.036,608.5378,261.7681,1.0,51.3351,37.16,-919.4622
628,1.0,0.75,0.5,130,32,67,2,2,0.0,21,0.029,620.5754,350.37,1.0,51.459,45.01,-921.4246
629,1.0,0.8,0.5,130,32,39,2,2,1.0,21,0.0295,617.5372,348.8316,1.0,51.5908,45.01,-923.4628
630,1.0,0.8,0.5,130,32,39,2,2,0.5,21,0.03,615.9893,348.4116,1.0,51.611,45.01,-924.0107
631,1.0,0.8,0.65,130,32,67,1,2,0.5,14,0.0265,621.0575,327.018,1.0,51.7274,29.47,-925.9425
632,1.0,0.8,0.65,130,32,67,1,2,0.0,14,0.0265,620.9301,327.018,1.0,51.7257,29.47,-926.0699
633,0.95,0.75,0.6,193,32,67,2,2,0.5,21,0.026,621.5114,349.4902,1.0,52.0899,45.02,-926.4886
634,1.0,0.75,0.65,130,32,39,2,2,0.5,21,0.0285,616.4884,345.3269,1.0,51.7998,45.01,-926.5116
635,1.0,0.8,0.5,130,32,39,2,2,0.0,21,0.03,613.4061,346.8047,1.0,51.6178,45.01,-926.5939
636,1.0,0.75,0.65,130,32,39,2,2,0.0,21,0.0285,616.4001,345.3269,1.0,51.8047,45.01,-926.5999
637,0.95,0.75,0.6,193,32,67,2,2,0.0,21,0.026,621.3575,349.4902,1.0,52.0964,45.02,-926.6425
638,1.0,0.8,0.6,130,32,67,2,2,0.0,14,0.0305,611.4769,298.4002,1.0,52.423,29.47,-927.5231
639,1.0,0.8,0.6,130,32,24,2,2,0.5,21,0.0295,612.9248,342.6965,1.0,51.7703,45.01,-928.0752
640,1.0,0.8,0.6,130,32,24,2,2,0.0,21,0.0295,612.7878,342.6965,1.0,51.7759,45.01,-928.2122
641,0.95,0.8,0.6,130,24,67,2,1,0.5,14,0.015,640.7816,407.0548,1.0,52.4978,50.0,-929.2184
642,0.95,0.8,0.6,130,24,67,2,1,0.0,14,0.015,640.6547,407.0548,1.0,52.5054,50.0,-929.3453
643,1.0,0.75,0.65,130,39,67,2,2,0.0,21,0.031,607.5527,319.5547,1.0,52.8842,28.0,-930.4473
644,0.9,0.8,0.6,193,24,67,2,2,0.5,14,0.016,635.9262,355.1652,1.0,53.1915,50.01,-932.0738
645,0.9,0.8,0.6,193,24,67,2,2,0.0,14,0.016,635.8651,355.1652,1.0,53.1953,50.01,-932.1349
646,0.9,0.8,0.65,193,24,67,2,1,0.5,14,0.0135,638.4895,410.9375,1.0,52.5925,50.01,-934.5105
647,0.9,0.8,0.65,193,24,67,2,1,0.0,14,0.0135,638.4511,410.9375,1.0,52.5937,50.01,-934.5489
648,1.0,0.7,0.65,130,24,67,2,2,0.5,7,0.037,591.3561,253.8988,1.0,51.491,37.16,-934.6439
649,1.0,0.8,0.65,130,32,67,2,1,0.5,14,0.0265,612.2206,325.7713,1.0,51.8691,29.47,-934.7794
650,1.0,0.7,0.65,130,24,67,2,2,0.0,7,0.037,591.1608,253.8988,1.0,51.491,37.16,-934.8392
651,1.0,0.8,0.5,130,24,67,2,2,0.5,7,0.0365,590.7748,245.1105,1.0,51.124,37.16,-936.2252
652,0.95,0.8,0.65,130,24,67,1,2,0.0,7,0.0165,629.4432,294.9643,1.0,52.7803,38.13,-937.5568
653,1.0,0.8,0.65,130,24,39,2,2,0.5,7,0.036,588.6879,238.9432,1.0,51.7384,37.16,-939.3121
654,1.0,0.75,0.65,193,39,67,2,2,0.5,21,0.0415,576.2945,288.3995,1.0,51.7992,28.0,-940.7055
655,0.9,0.7,0.6,130,24,32,2,1,1.0,21,0.0125,634.1891,421.7162,1.0,52.3521,168.0,-940.8109
656,0.9,0.7,0.6,130,24,32,2,1,0.5,21,0.0125,634.1541,421.7162,1.0,52.3523,168.0,-940.8459
657,1.0,0.75,0.65,193,39,67,2,2,0.0,21,0.0415,576.1523,288.3995,1.0,51.8028,28.0,-940.8477
658,0.95,0.75,0.65,130,32,67,2,1,0.5,21,0.0145,630.1366,407.5573,1.0,52.5689,45.02,-940.8634
659,0.9,0.7,0.6,130,24,32,2,1,0.0,21,0.0125,634.1259,421.7162,1.0,52.3531,168.0,-940.8741
660,0.95,0.75,0.65,130,32,67,2,1,0.0,21,0.0145,630.08,407.5573,1.0,52.5718,45.02,-940.92
661,0.95,0.8,0.6,193,24,67,2,2,0.0,7,0.0295,599.7533,245.2074,1.0,52.231,38.13,-941.2467
662,1.0,0.8,0.65,193,39,67,2,2,0.0,14,0.0435,570.0452,221.4429,1.0,52.6607,23.26,-942.9548
663,0.9,0.75,0.65,193,24,67,2,2,0.5,14,0.016,623.6446,352.6515,1.0,53.3546,50.01,-944.3554
664,0.9,0.75,0.65,193,24,67,2,2,0.0,14,0.016,623.6143,352.6515,1.0,53.3548,50.01,-944.3857
665,0.9,0.8,0.65,130,32,67,1,1,0.0,21,0.007,639.5381,451.6951,1.0,52.7641,45.05,-946.4619
666,0.95,0.75,0.65,130,24,67,2,1,0.5,14,0.0155,621.9739,404.3665,1.0,52.2556,50.0,-947.0261
667,0.95,0.75,0.65,130,24,67,2,1,0.0,14,0.0155,621.9287,404.3665,1.0,52.2569,50.0,-947.0713
668,0.95,0.75,0.6,130,24,67,2,2,0.5,14,0.0165,619.3967,349.2328,1.0,52.8778,50.0,-947.6033
669,0.95,0.75,0.6,130,24,67,2,2,0.0,14,0.0165,619.331,349.2328,1.0,52.8815,50.0,-947.669
670,1.0,0.8,0.6,130,39,67,2,1,0.5,21,0.028,595.9123,330.4157,1.0,52.0412,28.0,-948.0877
671,1.0,0.8,0.6,130,39,67,2,1,0.0,21,0.028,595.6921,330.4157,1.0,52.0478,28.0,-948.3079
672,0.95,0.8,0.55,130,24,67,2,2,0.5,14,0.0155,618.2857,340.3408,1.0,52.8788,50.0,-950.7143
673,1.0,0.8,0.6,130,39,67,1,2,0.0,21,0.0285,592.1092,330.1692,1.0,51.2219,28.0,-950.8908
674,0.95,0.8,0.55,130,24,67,2,2,0.0,14,0.0155,617.9769,340.3408,1.0,52.8875,50.0,-951.0231
675,0.95,0.8,0.6,130,32,67,1,1,0.5,21,0.014,620.3683,425.8459,1.0,51.5693,45.02,-951.6317
676,1.0,0.75,0.65,130,32,67,2,2,0.0,14,0.032,581.3952,281.5346,1.0,52.4623,29.47,-954.6048
677,0.95,0.8,0.5,130,32,67,2,2,0.0,21,0.0155,613.9668,345.9055,1.0,52.9643,45.02,-955.0332
678,0.95,0.75,0.65,193,24,67,2,2,0.5,7,0.03,581.4551,239.8533,1.0,52.2182,38.13,-958.5449
679,1.0,0.8,0.55,130,39,67,2,2,0.0,21,0.028,585.3103,299.271,1.0,52.365,28.0,-958.6897
680,0.95,0.75,0.65,193,24,67,2,2,0.0,7,0.03,581.2913,239.8533,1.0,52.2209,38.13,-958.7087
681,0.95,0.8,0.65,130,24,67,2,1,0.5,7,0.0165,606.7899,292.5351,1.0,52.5024,38.13,-960.2101
682,0.9,0.8,0.6,193,32,67,1,2,0.5,21,0.0135,612.1987,374.2968,1.0,52.3144,45.05,-960.8013
683,0.9,0.8,0.6,193,32,67,1,2,0.0,21,0.0135,612.0547,374.266,1.0,52.3201,45.05,-960.9453
684,0.9,0.7,0.5,130,24,39,2,2,1.0,21,0.0135,610.7322,331.0571,1.0,52.4467,168.0,-962.2678
685,0.9,0.7,0.5,130,24,39,2,2,0.5,21,0.0135,610.201,330.9695,1.0,52.4475,168.0,-962.799
686,0.9,0.7,0.5,130,24,39,2,2,0.0,21,0.0135,609.457,330.7933,1.0,52.4491,168.0,-963.543
687,0.95,0.7,0.65,130,24,67,2,2,0.5,14,0.0155,604.5926,341.2681,1.0,53.1903,50.0,-964.4074
688,0.95,0.7,0.65,130,24,67,2,2,0.0,14,0.0155,604.5544,341.2681,1.0,53.1901,50.0,-964.4456
689,1.0,0.75,0.65,130,39,67,1,2,0.5,21,0.032,571.3572,313.6286,1.0,51.5464,28.0,-964.6428
690,0.9,0.8,0.65,130,24,67,1,1,0.5,14,0.008,619.2398,433.7479,1.0,52.5908,50.01,-964.7602
691,1.0,0.75,0.65,130,39,67,1,2,0.0,21,0.032,571.2237,313.6286,1.0,51.545,28.0,-964.7763
692,0.9,0.8,0.65,130,24,67,1,1,0.0,14,0.008,619.2071,433.7479,1.0,52.5905,50.01,-964.7929
693,1.0,0.8,0.6,130,32,67,1,2,0.5,14,0.031,573.0133,291.9442,1.0,50.9171,29.47,-964.9867
694,0.95,0.7,0.65,130,32,67,2,2,0.0,21,0.0165,599.1429,337.7178,1.0,53.4633,45.02,-967.8571
695,1.0,0.8,0.6,130,32,67,2,1,0.5,14,0.0315,569.1425,291.2297,1.0,51.5653,29.47,-967.8575
696,0.9,0.8,0.6,193,32,67,2,1,0.5,21,0.014,602.7384,374.01,1.0,52.7692,45.05,-969.2616
697,0.9,0.8,0.6,193,32,67,2,1,0.0,21,0.014,602.5968,374.01,1.0,52.7771,45.05,-969.4032
698,0.95,0.75,0.65,130,24,67,2,2,0.0,7,0.0195,591.4535,253.6319,1.0,53.3122,38.13,-969.5465
699,1.0,0.8,0.65,130,39,39,2,2,0.0,21,0.032,565.1128,279.9124,1.0,52.5505,28.0,-970.8872
700,0.95,0.8,0.55,130,32,67,2,1,0.5,21,0.0145,599.7293,366.1832,1.0,52.6849,45.02,-971.2707
701,0.95,0.8,0.55,130,32,67,1,2,0.0,21,0.0145,599.4743,367.4013,1.0,51.9944,45.02,-971.5257
702,0.95,0.8,0.55,130,32,67,2,1,0.0,21,0.0145,599.1313,365.9854,1.0,52.6942,45.02,-971.8687
703,0.95,0.8,0.55,130,32,67,1,2,0.5,21,0.014,599.9545,367.4293,1.0,51.9844,45.02,-972.0455
704,1.0,0.75,0.65,130,39,67,2,1,0.5,21,0.0315,563.1932,312.0748,1.0,51.6698,28.0,-973.8068
705,1.0,0.75,0.6,130,39,67,2,2,0.5,21,0.0315,561.5073,285.1728,1.0,52.2066,28.0,-975.4927
706,1.0,0.75,0.6,130,39,67,2,2,0.0,21,0.0315,561.2875,285.1728,1.0,52.2143,28.0,-975.7125
707,0.9,0.7,0.6,130,24,24,2,2,1.0,21,0.0135,595.373,330.51,1.0,52.5365,168.0,-977.627
708,0.9,0.7,0.6,130,24,24,2,2,0.5,21,0.0135,595.33,330.51,1.0,52.5366,168.0,-977.67
709,0.9,0.7,0.6,130,24,24,2,2,0.0,21,0.0135,595.296,330.51,1.0,52.5374,168.0,-977.704
710,1.0,0.8,0.55,130,32,67,2,2,0.5,14,0.03,559.8858,260.1807,1.0,51.8979,29.47,-980.1142
711,0.95,0.75,0.6,130,32,67,1,2,0.5,21,0.017,585.8714,353.8151,1.0,52.1598,45.02,-980.1286
712,0.95,0.75,0.6,130,32,67,1,2,0.0,21,0.017,585.722,353.8151,1.0,52.1659,45.02,-980.278
713,0.9,0.75,0.65,193,24,67,1,2,0.5,14,0.016,587.5591,349.0958,1.0,52.5208,50.01,-980.4409
714,0.9,0.75,0.65,193,24,67,1,2,0.0,14,0.016,587.5189,349.0958,1.0,52.5207,50.01,-980.4811
715,1.0,0.8,0.55,130,32,67,2,2,0.0,14,0.03,558.9051,259.9382,1.0,51.9235,29.47,-981.0949
716,1.0,0.8,0.5,130,39,67,2,2,0.0,21,0.0295,559.4014,281.6528,1.0,52.0367,28.0,-981.5986
717,0.9,0.75,0.65,193,32,67,1,2,0.5,21,0.0155,586.4273,351.2289,1.0,52.6625,45.05,-982.5727
718,0.9,0.75,0.65,193,32,67,1,2,0.0,21,0.0155,586.3654,351.2289,1.0,52.664,45.05,-982.6346
719,0.95,0.75,0.6,130,24,67,1,2,0.5,14,0.0165,583.3958,345.6788,1.0,52.0437,50.0,-983.6042
720,0.95,0.75,0.6,130,24,67,1,2,0.0,14,0.0165,583.2574,345.6788,1.0,52.0511,50.0,-983.7426
721,1.0,0.75,0.65,130,32,67,1,2,0.5,14,0.0325,550.5813,276.7436,1.0,51.265,29.47,-984.4187
722,0.9,0.8,0.55,193,32,67,2,2,0.0,21,0.0165,579.9705,313.0685,1.0,53.1415,45.05,-987.0295
723,0.9,0.8,0.55,193,32,67,2,2,0.5,21,0.016,580.2397,313.0685,1.0,53.1317,45.05,-987.7603
724,0.9,0.65,0.6,130,24,32,2,2,1.0,21,0.014,584.1046,313.149,1.0,52.3163,168.0,-987.8954
725,0.9,0.65,0.6,130,24,32,2,2,0.5,21,0.014,584.0437,313.149,1.0,52.3158,168.0,-987.9563
726,0.9,0.65,0.6,130,24,32,2,2,0.0,21,0.014,583.9933,313.149,1.0,52.3162,168.0,-988.0067
727,0.95,0.8,0.5,130,24,67,2,2,0.5,14,0.016,579.9018,310.2272,1.0,52.563,50.0,-988.0982
728,0.95,0.8,0.65,130,32,39,2,1,0.5,21,0.015,581.0946,342.2625,1.0,52.7137,45.02,-988.9054
729,0.95,0.8,0.65,130,32,39,2,1,0.0,21,0.015,581.0196,342.2625,1.0,52.7179,45.02,-988.9804
730,0.9,0.75,0.0,130,24,24,2,0,1.0,21,0.0145,581.732,345.0736,1.0,52.4201,168.0,-989.268
731,0.9,0.75,0.0,130,24,32,2,0,1.0,21,0.0145,581.732,345.0736,1.0,52.4201,168.0,-989.268
732,0.9,0.75,0.0,130,24,39,2,0,1.0,21,0.0145,581.732,345.0736,1.0,52.4201,168.0,-989.268
733,0.9,0.75,0.0,130,24,67,2,0,1.0,21,0.0145,581.732,345.0736,1.0,52.4201,168.0,-989.268
734,0.9,0.75,0.0,130,24,24,2,0,0.5,21,0.0145,581.7241,345.0736,1.0,52.4201,168.0,-989.2759
735,0.9,0.75,0.0,130,24,32,2,0,0.5,21,0.0145,581.7241,345.0736,1.0,52.4201,168.0,-989.2759
736,0.9,0.75,0.0,130,24,39,2,0,0.5,21,0.0145,581.7241,345.0736,1.0,52.4201,168.0,-989.2759
737,0.9,0.75,0.0,130,24,67,2,0,0.5,21,0.0145,581.7241,345.0736,1.0,52.4201,168.0,-989.2759
738,0.9,0.75,0.0,130,24,24,2,0,0.0,21,0.0145,581.7181,345.0736,1.0,52.42,168.0,-989.2819
739,0.9,0.75,0.0,130,24,32,2,0,0.0,21,0.0145,581.7181,345.0736,1.0,52.42,168.0,-989.2819
740,0.9,0.75,0.0,130,24,39,2,0,0.0,21,0.0145,581.7181,345.0736,1.0,52.42,168.0,-989.2819
741,0.9,0.75,0.0,130,24,67,2,0,0.0,21,0.0145,581.7181,345.0736,1.0,52.42,168.0,-989.2819
742,1.0,0.75,0.65,193,39,67,2,2,0.5,14,0.0535,503.2746,182.9252,1.0,51.7492,23.26,-989.7254
743,0.95,0.7,0.65,130,24,67,1,2,0.5,14,0.0155,579.044,338.9433,1.0,52.5418,50.0,-989.956
744,0.95,0.7,0.65,130,24,67,1,2,0.0,14,0.0155,578.9988,338.9433,1.0,52.5413,50.0,-990.0012
745,0.9,0.8,0.65,193,24,67,1,2,0.0,7,0.0155,578.9025,255.9823,1.0,52.9326,39.36,-990.0975
746,0.95,0.8,0.5,130,24,67,2,2,0.0,14,0.016,577.4465,309.2212,1.0,52.5734,50.0,-990.5535
747,0.95,0.8,0.65,130,24,39,2,2,0.5,14,0.0155,576.1742,310.06,1.0,52.9524,50.0,-992.8258
748,0.95,0.8,0.65,130,24,39,2,2,0.0,14,0.0155,576.117,310.06,1.0,52.9528,50.0,-992.883
749,1.0,0.75,0.65,130,39,67,2,2,0.0,14,0.0365,533.7319,212.031,1.0,52.6681,23.26,-993.2681
750,0.95,0.8,0.55,130,24,67,1,2,0.0,14,0.0155,573.8403,335.6752,1.0,51.8404,50.0,-995.1597
751,0.95,0.8,0.6,130,32,39,2,2,0.0,21,0.017,570.7968,313.2108,1.0,52.9624,45.02,-995.2032
752,0.95,0.8,0.55,130,24,67,1,2,0.5,14,0.015,574.337,335.7122,1.0,51.8278,50.0,-995.663
753,0.95,0.8,0.65,130,32,32,2,2,0.0,21,0.0165,570.5132,311.135,1.0,53.1402,45.02,-996.4868
754,0.95,0.7,0.65,130,32,67,1,2,0.5,21,0.0165,568.8594,334.6135,1.0,52.6285,45.02,-998.1406
755,0.95,0.7,0.65,130,32,67,1,2,0.0,21,0.0165,568.7808,334.6135,1.0,52.6289,45.02,-998.2192
756,0.95,0.75,0.6,130,32,67,2,1,0.5,21,0.0175,566.7003,351.0224,1.0,52.3496,45.02,-998.2997
757,0.95,0.75,0.6,130,32,67,2,1,0.0,21,0.0175,566.5485,351.0224,1.0,52.3574,45.02,-998.4515
758,1.0,0.8,0.5,130,32,67,2,2,0.5,14,0.0325,535.1978,245.1096,1.0,51.5208,29.47,-999.8022
759,1.0,0.75,0.65,130,32,67,2,1,0.5,14,0.033,533.8612,273.6968,1.0,51.1738,29.47,-1000.1388
760,1.0,0.75,0.6,130,32,67,2,2,0.5,14,0.033,533.3096,246.2982,1.0,51.6887,29.47,-1000.6904
761,1.0,0.75,0.6,130,32,67,2,2,0.0,14,0.033,533.0674,246.2982,1.0,51.6938,29.47,-1000.9326
762,0.95,0.8,0.6,193,39,67,2,2,0.0,21,0.0255,547.3648,265.7839,1.0,52.9352,28.0,-1001.6352
763,0.95,0.8,0.5,130,32,67,1,2,1.0,21,0.015,567.3504,341.8171,1.0,51.6068,45.02,-1002.6496
764,0.95,0.8,0.5,130,32,67,2,1,0.5,21,0.0155,564.7931,335.4958,1.0,52.5468,45.02,-1004.2069
765,0.95,0.8,0.5,130,32,67,1,2,0.5,21,0.015,565.5626,341.2843,1.0,51.6345,45.02,-1004.4374
766,0.9,0.75,0.65,130,24,67,2,1,0.0,14,0.0105,574.5176,373.5393,1.0,53.0848,50.01,-1004.4824
767,1.0,0.7,0.65,130,39,67,2,2,0.0,21,0.034,526.9068,258.9247,1.0,52.3098,28.0,-1005.0932
768,0.9,0.8,0.65,312,39,67,2,2,0.0,21,0.029,536.6668,249.5869,1.0,53.2718,28.0,-1005.3332
769,0.95,0.8,0.65,193,39,67,1,2,0.5,21,0.022,550.445,292.1671,1.0,52.023,28.0,-1005.555
770,0.95,0.8,0.65,193,39,67,1,2,0.0,21,0.022,550.316,292.1671,1.0,52.0245,28.0,-1005.684
771,1.0,0.8,0.5,130,39,67,2,1,0.5,21,0.0325,529.1156,272.9147,1.0,51.6876,28.0,-1005.8844
772,0.9,0.8,0.6,193,24,67,2,2,0.0,7,0.018,557.7181,218.7207,1.0,53.3877,39.36,-1006.2819
773,0.95,0.8,0.5,130,32,67,1,2,0.0,21,0.0155,562.5877,339.5371,1.0,51.6523,45.02,-1006.4123
774,0.9,0.75,0.6,193,32,67,2,2,0.5,21,0.0175,558.3981,299.2845,1.0,53.0216,45.05,-1006.6019
775,0.9,0.75,0.6,193,32,67,2,2,0.0,21,0.0175,558.3105,299.2845,1.0,53.0261,45.05,-1006.6895
776,0.95,0.8,0.65,193,39,67,2,1,0.5,21,0.022,549.1976,292.9025,1.0,52.4038,28.0,-1006.8024
777,0.9,0.8,0.6,130,32,67,1,1,0.5,21,0.0085,576.0646,395.618,1.0,52.4983,45.05,-1006.9354
778,0.95,0.8,0.65,130,32,39,1,2,0.5,21,0.015,562.6458,339.4773,1.0,52.0346,45.02,-1007.3542
779,0.95,0.8,0.65,130,32,39,1,2,0.0,21,0.015,562.5559,339.4773,1.0,52.0369,45.02,-1007.4441
780,0.95,0.8,0.55,130,24,67,2,1,0.5,14,0.0155,561.3047,332.5502,1.0,52.3111,50.0,-1007.6953
781,0.9,0.75,0.65,193,32,67,2,1,0.5,21,0.0155,561.0997,348.8712,1.0,52.4402,45.05,-1007.9003
782,0.9,0.75,0.65,193,32,67,2,1,0.0,21,0.0155,561.0342,348.8712,1.0,52.4419,45.05,-1007.9658
783,0.95,0.8,0.55,130,24,67,2,1,0.0,14,0.0155,560.5298,332.4061,1.0,52.3246,50.0,-1008.4702
784,1.0,0.75,0.6,130,39,67,1,2,0.5,21,0.0325,525.3702,279.2823,1.0,50.8421,28.0,-1009.6298
785,1.0,0.75,0.6,130,39,67,2,1,0.5,21,0.034,521.9897,277.931,1.0,51.4376,28.0,-1010.0103
786,1.0,0.8,0.55,130,32,67,2,1,0.5,14,0.033,522.5074,251.2152,1.0,51.3214,29.47,-1011.4926
787,0.95,0.8,0.6,193,32,67,2,2,0.0,14,0.0285,528.1595,232.1247,1.0,52.6127,29.75,-1014.8405
788,0.95,0.75,0.6,130,24,67,2,1,0.5,14,0.0165,551.9552,341.2176,1.0,52.0379,50.0,-1015.0448
789,0.95,0.75,0.6,130,24,67,2,1,0.0,14,0.0165,551.8085,341.2176,1.0,52.0441,50.0,-1015.1915
790,0.95,0.75,0.55,130,32,67,2,2,0.0,21,0.019,545.8048,291.7939,1.0,52.7259,45.02,-1016.1952
791,0.95,0.75,0.55,130,32,67,2,2,0.5,21,0.0185,546.1396,291.7939,1.0,52.7169,45.02,-1016.8604
792,1.0,0.8,0.6,130,39,39,2,1,0.5,21,0.0325,517.6518,256.981,1.0,51.7942,28.0,-1017.3482
793,1.0,0.8,0.6,130,39,32,2,2,0.5,21,0.033,515.7737,244.2913,1.0,52.0576,28.0,-1018.2263
794,1.0,0.7,0.65,130,32,67,2,2,0.5,14,0.035,510.9372,232.9814,1.0,51.8318,29.47,-1019.0628
795,1.0,0.7,0.65,130,32,67,2,2,0.0,14,0.035,510.7063,232.9814,1.0,51.8269,29.47,-1019.2937
796,0.95,0.8,0.65,130,32,67,1,2,0.0,14,0.0145,551.5422,276.0164,1.0,53.0117,29.75,-1019.4578
797,0.9,0.75,0.6,193,24,67,2,2,0.5,14,0.0165,547.1641,289.3651,1.0,52.6806,50.01,-1019.8359
798,0.9,0.75,0.6,193,24,67,2,2,0.0,14,0.0165,547.0246,289.3651,1.0,52.6877,50.01,-1019.9754
799,1.0,0.75,0.55,130,39,67,2,2,0.5,21,0.0335,512.1871,246.8933,1.0,51.7425,28.0,-1020.8129
800,0.95,0.8,0.65,130,32,32,2,1,0.5,21,0.0165,545.59,308.1093,1.0,52.6512,45.02,-1021.41
801,0.9,0.75,0.65,193,24,67,2,2,0.0,7,0.0195,538.9786,212.9321,1.0,53.41,39.36,-1022.0214
802,0.9,0.8,0.65,193,32,39,2,2,0.0,21,0.0165,544.8641,287.1133,1.0,53.2322,45.05,-1022.1359
803,0.95,0.75,0.65,193,39,67,2,2,0.0,21,0.029,519.5166,248.1624,1.0,52.9234,28.0,-1022.4834
804,0.95,0.8,0.6,130,32,32,2,2,0.0,21,0.018,541.2612,289.9868,1.0,52.8266,45.02,-1022.7388
805,0.9,0.65,0.55,130,24,39,2,2,1.0,21,0.014,549.0707,278.398,1.0,52.2593,168.0,-1022.9293
806,0.9,0.65,0.55,130,24,39,2,2,0.5,21,0.014,548.8614,278.398,1.0,52.2597,168.0,-1023.1386
807,0.9,0.8,0.5,193,32,67,2,2,0.5,21,0.017,542.7953,282.8475,1.0,52.8058,45.05,-1023.2047
808,0.95,0.8,0.6,130,32,39,2,1,0.5,21,0.017,542.7205,309.387,1.0,52.5693,45.02,-1023.2795
809,0.9,0.65,0.55,130,24,39,2,2,0.0,21,0.014,548.6838,278.398,1.0,52.2604,168.0,-1023.3162
810,0.9,0.8,0.55,193,24,67,2,2,0.0,14,0.016,543.6281,280.0792,1.0,52.7312,50.01,-1024.3719
811,1.0,0.8,0.6,130,32,39,2,2,0.5,14,0.0345,506.314,219.6121,1.0,51.651,29.47,-1024.686
812,0.9,0.8,0.5,193,32,67,2,2,0.0,21,0.017,541.2785,282.3071,1.0,52.8207,45.05,-1024.7215
813,0.9,0.8,0.55,193,24,67,2,2,0.5,14,0.0155,544.0647,280.0792,1.0,52.7212,50.01,-1024.9353
814,0.95,0.75,0.6,130,24,67,2,2,0.0,7,0.022,530.037,212.5599,1.0,52.4318,38.13,-1025.963
815,1.0,0.8,0.55,130,39,39,2,2,0.5,21,0.0325,507.8677,239.8765,1.0,51.8961,28.0,-1027.1323
816,1.0,0.75,0.6,130,39,67,2,2,0.5,14,0.039,494.078,187.0041,1.0,51.7887,23.26,-1027.922
817,0.95,0.8,0.65,130,32,24,2,2,0.5,21,0.0175,536.7212,284.0943,1.0,52.9501,45.02,-1028.2788
818,0.95,0.8,0.65,130,32,24,2,2,0.0,21,0.0175,536.6462,284.0943,1.0,52.9533,45.02,-1028.3538
819,0.95,0.8,0.65,130,24,39,2,1,0.5,14,0.0155,539.7663,305.9506,1.0,52.3373,50.0,-1029.2337
820,1.0,0.8,0.6,130,39,32,2,1,0.5,21,0.0345,501.4017,241.6592,1.0,51.7574,28.0,-1029.5983
821,1.0,0.7,0.65,130,39,67,1,2,0.5,21,0.0345,500.5152,254.9128,1.0,51.2562,28.0,-1030.4848
822,0.9,0.8,0.6,130,24,67,1,1,0.5,14,0.01,549.2449,371.0548,1.0,52.326,50.01,-1030.7551
823,0.95,0.7,0.6,130,32,67,2,2,0.0,21,0.0195,529.4477,281.0727,1.0,52.7409,45.02,-1031.5523
824,0.95,0.7,0.65,130,32,67,2,1,0.5,21,0.0165,532.2636,330.1053,1.0,52.1167,45.02,-1034.7364
825,0.9,0.7,0.65,193,32,67,2,2,0.0,21,0.0175,530.0194,279.1253,1.0,53.2302,45.05,-1034.9806
826,1.0,0.8,0.6,130,39,24,2,2,0.5,21,0.0335,497.9003,229.7487,1.0,51.9437,28.0,-1035.0997
827,0.9,0.7,0.65,193,24,67,2,2,0.0,14,0.016,532.1269,281.926,1.0,52.9586,50.01,-1035.8731
828,0.95,0.75,0.55,130,24,67,2,2,0.5,14,0.017,529.6075,274.2771,1.0,52.4039,50.0,-1036.3925
829,1.0,0.75,0.65,130,39,39,2,2,0.5,21,0.036,491.2059,227.3719,1.0,51.8944,28.0,-1036.7941
830,1.0,0.8,0.5,130,39,39,2,2,0.5,21,0.0335,496.1513,233.2776,1.0,51.6918,28.0,-1036.8487
831,0.95,0.75,0.55,130,24,67,2,2,0.0,14,0.017,529.1306,274.2771,1.0,52.4156,50.0,-1036.8694
832,0.95,0.75,0.65,193,32,67,2,2,0.0,14,0.0325,497.901,215.3105,1.0,52.6201,29.75,-1037.099
833,0.9,0.8,0.55,193,32,67,2,1,0.5,21,0.016,530.5031,307.5069,1.0,52.5853,45.05,-1037.4969
834,1.0,0.8,0.55,130,39,39,2,1,0.5,21,0.035,492.4589,236.0151,1.0,51.6387,28.0,-1037.5411
835,0.95,0.7,0.6,130,24,67,2,2,0.5,14,0.017,528.0782,277.8994,1.0,52.4924,50.0,-1037.9218
836,0.95,0.7,0.6,130,24,67,2,2,0.0,14,0.017,527.9277,277.8994,1.0,52.5003,50.0,-1038.0723
837,0.9,0.75,0.65,130,32,67,1,1,0.5,21,0.0085,544.2231,372.1817,1.0,52.4357,45.05,-1038.7769
838,0.95,0.8,0.6,130,24,39,2,2,0.5,14,0.016,528.7133,273.0539,1.0,52.5773,50.0,-1039.2867
839,0.95,0.8,0.6,130,24,39,2,2,0.0,14,0.016,528.5658,273.0539,1.0,52.5847,50.0,-1039.4342
840,1.0,0.75,0.5,130,39,67,2,2,0.5,21,0.036,488.5358,231.0948,1.0,51.4147,28.0,-1039.4642
841,1.0,0.8,0.6,130,39,24,2,1,0.5,21,0.0365,487.2552,227.8893,1.0,51.7173,28.0,-1039.7448
842,0.95,0.8,0.55,130,32,39,2,2,0.0,21,0.018,523.6465,276.39,1.0,52.7063,45.02,-1040.3535
843,1.0,0.7,0.65,130,32,67,1,2,0.5,14,0.0355,488.6116,229.7614,1.0,50.9256,29.47,-1040.3884
844,0.9,0.75,0.65,130,24,67,1,1,0.5,14,0.0105,538.4633,369.6529,1.0,52.2946,50.01,-1040.5367
845,0.95,0.8,0.65,130,24,32,2,2,0.0,14,0.016,527.4212,270.4185,1.0,52.7471,50.0,-1040.5788
846,0.9,0.75,0.6,130,24,67,1,2,0.0,14,0.011,535.8362,314.0111,1.0,53.0088,50.01,-1042.1638
847,1.0,0.8,0.6,130,32,32,2,2,0.5,14,0.0355,485.3496,203.4575,1.0,51.5169,29.47,-1043.6504
848,0.95,0.8,0.6,130,32,32,2,1,0.5,21,0.0185,519.1923,286.9379,1.0,52.522,45.02,-1043.8077
849,1.0,0.8,0.5,130,39,39,2,1,0.5,21,0.0365,482.2646,228.7497,1.0,51.5229,28.0,-1044.7354
850,0.95,0.8,0.5,130,24,67,2,1,0.5,14,0.016,522.7412,298.0434,1.0,52.2,50.0,-1045.2588
851,0.95,0.8,0.65,130,32,24,2,1,0.5,21,0.018,517.9257,281.8184,1.0,52.5939,45.02,-1046.0743
852,0.95,0.8,0.6,130,32,39,1,2,0.5,21,0.017,519.591,306.418,1.0,51.63,45.02,-1046.409
853,1.0,0.75,0.55,130,39,67,2,1,0.5,21,0.037,477.5197,238.5862,1.0,51.206,28.0,-1048.4803
854,1.0,0.7,0.6,130,39,67,2,2,0.5,21,0.035,481.115,224.5375,1.0,51.5673,28.0,-1048.885
855,1.0,0.8,0.55,130,39,32,2,2,0.5,21,0.033,484.8043,221.8954,1.0,51.8277,28.0,-1049.1957
856,1.0,0.8,0.55,130,39,24,2,2,0.5,21,0.036,477.5316,216.2525,1.0,51.7464,28.0,-1050.4684
857,1.0,0.8,0.5,130,39,32,2,2,0.5,21,0.036,477.462,218.554,1.0,51.6439,28.0,-1050.538
858,0.95,0.75,0.5,130,32,67,2,2,0.5,21,0.019,511.3694,264.9277,1.0,52.4074,45.02,-1050.6306
859,0.95,0.75,0.65,130,32,39,2,2,0.5,21,0.0195,508.9679,264.1708,1.0,52.7864,45.02,-1052.0321
860,0.95,0.75,0.65,130,32,39,2,2,0.0,21,0.0195,508.8863,264.1708,1.0,52.7895,45.02,-1052.1137
861,1.0,0.8,0.55,130,32,39,2,2,0.5,14,0.0355,476.627,199.0252,1.0,51.3547,29.47,-1052.373
862,0.95,0.75,0.5,130,32,67,2,2,0.0,21,0.019,508.9181,263.672,1.0,52.4209,45.02,-1053.0819
863,0.9,0.8,0.65,193,32,39,2,1,0.5,21,0.017,512.0484,283.6452,1.0,52.6331,45.05,-1053.9516
864,0.9,0.8,0.55,130,24,67,1,2,0.0,14,0.0105,524.3841,303.2298,1.0,52.7625,50.01,-1054.6159
865,0.9,0.8,0.55,130,24,67,1,2,0.5,14,0.01,524.6806,303.2526,1.0,52.7563,50.01,-1055.3194
866,0.95,0.8,0.5,130,32,39,2,2,0.5,21,0.0185,505.9627,264.1245,1.0,52.5265,45.02,-1057.0373
867,0.95,0.75,0.6,130,24,67,1,2,0.5,7,0.023,496.2727,208.861,1.0,51.366,38.13,-1057.7273
868,1.0,0.8,0.5,130,32,39,2,2,0.5,14,0.0385,465.0252,192.9465,1.0,51.1448,29.47,-1057.9748
869,0.95,0.75,0.55,130,32,67,1,2,0.5,21,0.0185,504.6965,287.0949,1.0,51.6493,45.02,-1058.3035
870,0.9,0.75,0.6,130,32,67,2,1,0.0,21,0.0095,522.2401,321.2609,1.0,53.1832,45.05,-1058.7599
871,0.95,0.7,0.6,130,32,67,1,2,0.5,21,0.0195,499.2716,277.9325,1.0,51.9035,45.02,-1061.7284
872,0.95,0.8,0.55,130,32,39,2,1,0.5,21,0.018,502.2243,272.7681,1.0,52.452,45.02,-1061.7757
873,0.95,0.7,0.6,130,32,67,1,2,0.0,21,0.0195,499.0857,277.9325,1.0,51.9096,45.02,-1061.9143
874,0.9,0.8,0.6,193,32,39,2,2,0.5,21,0.018,501.8824,254.1702,1.0,52.8327,45.05,-1062.1176
875,0.9,0.8,0.6,193,32,39,2,2,0.0,21,0.018,501.7356,254.1702,1.0,52.8398,45.05,-1062.2644
876,1.0,0.75,0.5,130,32,67,2,2,0.5,14,0.04,457.7134,193.2745,1.0,50.8698,29.47,-1062.2866
877,1.0,0.75,0.6,130,39,39,2,2,0.5,21,0.0375,462.3472,207.8676,1.0,51.4886,28.0,-1062.6528
878,0.9,0.8,0.65,130,32,39,1,2,0.0,21,0.0095,518.2516,308.988,1.0,53.0206,45.05,-1062.7484
879,1.0,0.7,0.6,130,32,67,2,2,0.5,14,0.037,462.905,197.6906,1.0,51.0321,29.47,-1063.095
880,0.9,0.8,0.65,193,24,39,2,2,0.5,14,0.0165,503.8414,251.1667,1.0,52.8048,50.01,-1063.1586
881,0.9,0.8,0.65,193,24,39,2,2,0.0,14,0.0165,503.7626,251.1667,1.0,52.8057,50.01,-1063.2374
882,0.9,0.8,0.5,193,24,67,2,2,1.0,14,0.016,504.665,246.2925,1.0,52.3961,50.01,-1063.335
883,0.95,0.7,0.6,130,24,67,1,2,0.5,14,0.017,502.5441,275.5712,1.0,51.8472,50.0,-1063.4559
884,0.95,0.7,0.6,130,24,67,1,2,0.0,14,0.017,502.3721,275.5712,1.0,51.856,50.0,-1063.6279
885,1.0,0.75,0.65,130,39,32,2,2,0.5,21,0.037,462.1209,203.7275,1.0,51.7147,28.0,-1063.8791
886,0.9,0.8,0.5,193,24,67,2,2,0.5,14,0.0165,503.0398,245.9975,1.0,52.4205,50.01,-1063.9602
887,0.9,0.8,0.65,193,32,32,2,2,0.5,21,0.017,501.5013,252.2796,1.0,53.024,45.05,-1064.4987
888,0.9,0.8,0.65,193,32,32,2,2,0.0,21,0.017,501.4159,252.2796,1.0,53.0277,45.05,-1064.5841
889,0.95,0.75,0.6,193,39,67,2,2,0.0,21,0.031,473.3339,214.1681,1.0,52.2307,28.0,-1064.6661
890,0.9,0.8,0.5,130,32,67,1,2,0.0,21,0.01,514.666,304.7274,1.0,52.5784,45.05,-1065.334
891,0.9,0.8,0.55,130,24,67,2,1,0.0,14,0.0105,513.1332,301.7958,1.0,53.1236,50.01,-1065.8668
892,0.9,0.8,0.5,193,24,67,2,2,0.0,14,0.0165,501.0507,245.5086,1.0,52.4346,50.01,-1065.9493
893,0.95,0.8,0.65,130,24,32,2,1,0.5,14,0.016,499.8996,267.3192,1.0,52.2706,50.0,-1068.1004
894,0.95,0.75,0.55,130,32,67,2,1,0.5,21,0.0185,494.8784,284.3001,1.0,52.1641,45.02,-1068.1216
895,0.9,0.8,0.5,193,32,67,2,1,1.0,21,0.017,496.3135,276.0039,1.0,52.4185,45.05,-1069.6865
896,0.9,0.8,0.5,193,32,67,2,1,0.5,21,0.0175,494.6423,275.515,1.0,52.4393,45.05,-1070.3577
897,0.95,0.8,0.6,130,24,32,2,2,0.5,14,0.017,495.5465,246.8327,1.0,52.441,50.0,-1070.4535
898,0.95,0.8,0.5,193,39,67,2,2,0.5,21,0.029,471.5421,208.9718,1.0,52.0542,28.0,-1070.4579
899,0.95,0.8,0.6,130,24,39,2,1,0.5,14,0.016,497.4061,269.0469,1.0,52.1914,50.0,-1070.5939
900,0.95,0.8,0.6,130,24,32,2,2,0.0,14,0.017,495.3812,246.8327,1.0,52.4482,50.0,-1070.6188
901,0.95,0.8,0.55,130,32,32,2,2,0.5,21,0.0185,492.062,251.5057,1.0,52.6124,45.02,-1070.938
902,0.95,0.8,0.6,130,32,24,2,1,0.5,21,0.019,490.4688,259.4403,1.0,52.478,45.02,-1071.5312
903,0.9,0.75,0.6,130,24,67,2,1,0.5,14,0.0115,504.4956,310.8828,1.0,52.8411,50.01,-1072.5044
904,0.9,0.75,0.6,130,24,67,2,1,0.0,14,0.0115,504.4184,310.8828,1.0,52.8449,50.01,-1072.5816
905,0.95,0.75,0.5,130,24,67,2,2,0.5,14,0.0175,491.2269,244.1676,1.0,52.1025,50.0,-1073.7731
906,0.95,0.8,0.65,130,24,24,2,2,0.5,14,0.017,491.4609,241.6426,1.0,52.5735,50.0,-1074.5391
907,0.95,0.8,0.65,130,24,24,2,2,0.0,14,0.017,491.3756,241.6426,1.0,52.5749,50.0,-1074.6244
908,0.95,0.8,0.5,130,32,39,2,1,0.5,21,0.0195,485.1158,258.8088,1.0,52.3647,45.02,-1075.8842
909,0.95,0.75,0.5,130,24,67,2,2,0.0,14,0.0175,488.6002,242.9756,1.0,52.1102,50.0,-1076.3998
910,0.95,0.65,0.6,130,24,67,2,2,0.5,14,0.018,485.3514,246.3985,1.0,52.1121,50.0,-1078.6486
911,0.95,0.75,0.65,130,24,39,2,2,0.5,14,0.017,487.3508,244.2708,1.0,52.4649,50.0,-1078.6492
912,0.95,0.75,0.65,130,24,39,2,2,0.0,14,0.017,487.2708,244.2708,1.0,52.4662,50.0,-1078.7292
913,0.95,0.65,0.6,130,24,67,2,2,0.0,14,0.018,485.1623,246.3985,1.0,52.1186,50.0,-1078.8377
914,1.0,0.75,0.6,130,39,32,2,2,0.5,21,0.0395,441.7663,191.7132,1.0,51.3623,28.0,-1079.2337
915,0.95,0.8,0.5,130,32,32,2,2,0.5,21,0.0195,481.0031,244.8642,1.0,52.4794,45.02,-1079.9969
916,0.95,0.65,0.6,130,32,67,2,2,0.5,21,0.02,479.2239,242.647,1.0,52.2902,45.02,-1080.7761
917,0.95,0.65,0.6,130,32,67,2,2,0.0,21,0.02,479.0209,242.647,1.0,52.2954,45.02,-1080.9791
918,1.0,0.65,0.6,130,39,67,2,2,0.5,21,0.0375,442.2175,197.8195,1.0,50.9596,28.0,-1082.7825
919,0.95,0.75,0.65,130,32,39,2,1,0.5,21,0.02,476.0707,260.3844,1.0,52.1855,45.02,-1083.9293
920,0.95,0.8,0.55,130,32,32,2,1,0.5,21,0.019,477.675,249.0913,1.0,52.4196,45.02,-1084.325
921,0.95,0.8,0.55,130,32,24,2,2,0.5,21,0.019,474.8702,238.5884,1.0,52.5311,45.02,-1087.1298
922,0.9,0.75,0.55,193,32,67,2,2,0.0,21,0.019,474.854,231.7708,1.0,52.5538,45.05,-1087.146
923,0.9,0.75,0.55,193,32,67,2,2,0.5,21,0.0185,475.3006,231.7844,1.0,52.5418,45.05,-1087.6994
924,1.0,0.75,0.55,130,39,39,2,2,0.5,21,0.039,433.8596,187.2886,1.0,51.2152,28.0,-1088.1404
925,0.95,0.8,0.55,130,24,39,2,2,0.5,14,0.017,476.5525,231.5145,1.0,52.3235,50.0,-1089.4475
926,0.9,0.8,0.6,193,32,32,2,2,0.5,21,0.019,472.3416,231.2302,1.0,52.7049,45.05,-1089.6584
927,0.9,0.8,0.6,193,32,39,2,1,1.0,21,0.018,473.8971,251.085,1.0,52.453,45.05,-1090.1029
928,0.9,0.8,0.6,193,32,39,2,1,0.5,21,0.018,473.6874,251.085,1.0,52.4586,45.05,-1090.3126
929,0.95,0.8,0.5,130,32,32,2,1,0.5,21,0.0195,467.1062,241.2485,1.0,52.3387,45.02,-1093.8938
930,0.9,0.8,0.65,130,24,39,1,2,0.5,14,0.0105,484.5826,274.1313,1.0,52.8202,50.01,-1094.4174
931,0.9,0.8,0.65,130,24,39,1,2,0.0,14,0.0105,484.5186,274.1313,1.0,52.8191,50.01,-1094.4814
932,0.95,0.8,0.6,130,24,32,2,1,0.5,14,0.017,470.947,243.6758,1.0,52.1523,50.0,-1095.053
933,0.95,0.8,0.65,130,24,24,2,1,1.0,14,0.017,470.5095,239.2987,1.0,52.2149,50.0,-1095.4905
934,0.9,0.7,0.6,130,24,67,2,2,0.0,14,0.012,480.4442,246.8566,1.0,53.4332,50.01,-1095.5558
935,0.9,0.8,0.5,130,24,67,1,2,0.5,14,0.0105,483.4213,269.3684,1.0,52.3903,50.01,-1095.5787
936,0.95,0.8,0.65,130,24,24,2,1,0.5,14,0.017,470.3927,239.2987,1.0,52.2123,50.0,-1095.6073
937,0.9,0.8,0.5,130,24,67,1,2,0.0,14,0.011,481.8067,268.8818,1.0,52.404,50.01,-1096.1933
938,0.9,0.8,0.65,193,32,24,2,2,0.5,21,0.018,467.6217,225.5357,1.0,52.8387,45.05,-1096.3783
939,0.95,0.8,0.55,130,32,24,2,1,0.5,21,0.0195,464.483,236.857,1.0,52.3842,45.02,-1096.517
940,0.9,0.75,0.55,130,24,67,2,2,0.0,14,0.0115,479.6946,242.4928,1.0,53.2707,50.01,-1097.3054
941,0.9,0.7,0.6,193,32,67,2,2,0.0,21,0.0205,460.337,222.463,1.0,52.5191,45.05,-1098.663
942,0.95,0.75,0.5,130,32,67,2,1,0.5,21,0.0205,460.1045,253.7846,1.0,52.0431,45.02,-1098.8955
943,0.95,0.65,0.6,130,24,67,1,2,0.5,14,0.018,464.2963,244.4923,1.0,51.6985,50.0,-1099.7037
944,0.95,0.65,0.6,130,24,67,1,2,0.0,14,0.018,464.0792,244.4738,1.0,51.7061,50.0,-1099.9208
945,0.9,0.75,0.6,130,32,67,1,1,0.5,21,0.0095,480.7664,316.1339,1.0,52.1594,45.05,-1100.2336
946,0.9,0.8,0.5,130,24,67,2,1,0.5,14,0.011,473.4197,265.507,1.0,52.9689,50.01,-1104.5803
947,0.95,0.65,0.6,130,32,67,1,2,0.5,21,0.02,454.2718,240.1738,1.0,51.7333,45.02,-1105.7282
948,0.95,0.7,0.65,130,39,67,2,2,0.0,21,0.0205,453.0068,203.9103,1.0,53.4197,28.0,-1105.9932
949,0.95,0.8,0.6,130,24,24,2,2,0.5,14,0.018,457.0056,216.2579,1.0,52.3171,50.0,-1106.9944
950,0.9,0.8,0.5,193,24,67,2,2,0.5,7,0.021,450.7416,145.5373,0.9995,52.2761,39.36,-1107.2584
951,0.95,0.8,0.5,130,24,39,2,2,0.5,14,0.018,456.5047,217.3325,1.0,52.1603,50.0,-1107.4953
952,0.9,0.75,0.6,130,24,67,1,1,0.5,14,0.0115,468.4748,306.9739,1.0,52.0377,50.01,-1108.5252
953,0.9,0.8,0.55,193,32,39,2,2,0.5,21,0.018,454.1428,217.0508,1.0,52.5852,45.05,-1109.8572
954,0.9,0.8,0.55,130,24,67,1,1,0.5,14,0.01,469.4686,296.8142,1.0,52.1048,50.01,-1110.5314
955,0.95,0.75,0.55,193,39,67,2,2,0.5,21,0.0335,421.19,173.7722,1.0,51.7239,28.0,-1111.81
956,0.95,0.7,0.55,130,32,67,2,2,0.0,21,0.0195,447.8925,214.378,1.0,52.2488,45.02,-1113.1075
957,0.95,0.7,0.55,130,32,67,2,2,0.5,21,0.019,448.4607,214.406,1.0,52.2395,45.02,-1113.5393
958,0.95,0.75,0.65,130,32,32,2,1,0.5,21,0.0205,440.5872,226.1938,1.0,52.1275,45.02,-1118.4128
959,0.9,0.75,0.65,193,32,39,2,2,0.5,21,0.02,439.8464,205.9317,1.0,52.6254,45.05,-1120.1536
960,0.9,0.7,0.65,130,24,67,1,1,0.5,14,0.011,457.5567,300.2826,1.0,52.094,50.01,-1120.4433
961,0.9,0.7,0.6,130,24,67,1,2,0.0,14,0.012,454.9026,244.5581,1.0,52.7998,50.01,-1121.0974
962,0.95,0.75,0.6,130,32,39,2,1,0.5,21,0.0205,437.741,227.4614,1.0,52.0523,45.02,-1121.259
963,0.95,0.75,0.6,130,32,32,2,2,0.5,21,0.0205,436.3859,207.95,1.0,52.2875,45.02,-1122.6141
964,0.9,0.75,0.5,193,32,67,2,2,0.5,21,0.0195,438.2207,201.5739,1.0,52.2344,45.05,-1122.7793
965,0.95,0.8,0.55,130,24,32,2,2,0.5,14,0.018,441.1561,203.9698,1.0,52.2329,50.0,-1122.8439
966,0.95,0.75,0.6,130,24,39,2,2,0.5,14,0.018,439.9092,207.1468,1.0,52.1086,50.0,-1124.0908
967,0.9,0.7,0.6,130,32,67,1,2,0.0,21,0.0105,454.7468,248.0041,1.0,52.887,45.05,-1124.2532
968,0.9,0.8,0.5,193,32,39,2,2,1.0,21,0.0195,436.5804,203.337,1.0,52.3787,45.05,-1124.4196
969,0.9,0.8,0.6,193,32,24,2,2,0.5,21,0.0195,436.2912,203.0589,1.0,52.5719,45.05,-1124.7088
970,0.9,0.8,0.5,193,32,39,2,2,0.5,21,0.02,435.1112,203.063,1.0,52.3962,45.05,-1124.8888
971,0.95,0.75,0.65,130,24,32,2,2,0.5,14,0.018,438.6728,204.6157,1.0,52.2833,50.0,-1125.3272
972,0.9,0.8,0.6,130,24,39,2,1,0.5,14,0.0115,449.9461,238.5759,1.0,52.9896,50.01,-1127.0539
973,0.9,0.8,0.6,130,24,32,2,2,0.0,14,0.012,447.9559,215.976,1.0,53.2775,50.01,-1128.0441
974,0.95,0.75,0.65,130,32,24,2,2,0.5,21,0.02,431.7089,202.0824,1.0,52.4178,45.02,-1128.2911
975,0.9,0.75,0.55,130,24,67,1,2,0.0,14,0.0115,443.5991,238.9243,1.0,52.4714,50.01,-1133.4009
976,0.9,0.75,0.55,130,24,67,1,2,0.5,14,0.011,444.0507,238.9585,1.0,52.4593,50.01,-1133.9493
977,0.9,0.8,0.6,130,32,32,1,2,0.5,21,0.01,445.7132,253.055,1.0,52.4243,45.05,-1134.2868
978,0.9,0.75,0.65,130,24,39,2,2,0.0,14,0.0125,439.8291,213.6991,1.0,53.3396,50.01,-1135.1709
979,0.9,0.75,0.5,130,24,67,2,2,0.5,14,0.013,438.6597,208.0255,1.0,52.9331,50.01,-1135.3403
980,0.9,0.65,0.6,130,24,67,2,2,0.0,14,0.013,437.6558,215.7877,1.0,53.0945,50.01,-1136.3442
981,0.9,0.75,0.5,130,24,67,2,2,0.0,14,0.013,437.1172,207.6653,1.0,52.9471,50.01,-1136.8828
982,0.9,0.8,0.6,130,24,39,1,2,0.5,14,0.011,437.1573,237.1047,1.0,52.4211,50.01,-1140.8427
983,0.95,0.75,0.55,130,32,39,2,2,0.5,21,0.0195,419.1283,194.379,1.0,52.1671,45.02,-1141.8717
984,0.9,0.8,0.65,130,24,32,1,2,0.5,14,0.0105,435.897,234.7363,1.0,52.5956,50.01,-1143.103
985,0.95,0.75,0.6,130,32,32,2,1,0.5,21,0.0205,414.2186,204.9962,1.0,52.0017,45.02,-1144.7814
986,0.95,0.7,0.5,130,32,67,2,2,0.5,21,0.02,414.2182,187.8787,1.0,51.9222,45.02,-1145.7818
987,0.9,0.8,0.5,130,24,67,1,1,1.0,14,0.011,431.5541,261.5646,1.0,51.9207,50.01,-1146.4459
988,0.95,0.7,0.65,130,32,39,2,2,0.5,21,0.02,411.127,186.7018,1.0,52.2956,45.02,-1148.873
989,0.9,0.75,0.55,130,24,67,2,1,0.5,14,0.012,424.6333,236.596,1.0,52.6509,50.01,-1151.3667
990,0.9,0.8,0.55,130,32,39,1,2,0.5,21,0.0095,427.5505,238.9229,1.0,52.2856,45.05,-1153.4495
991,0.9,0.75,0.65,130,32,39,1,2,0.5,21,0.0115,422.9687,229.5021,1.0,52.6705,45.05,-1154.0313
992,0.95,0.75,0.6,130,24,32,2,2,0.5,14,0.019,406.7533,180.8878,1.0,51.9782,50.0,-1155.2467
993,0.9,0.75,0.5,130,32,67,1,2,0.5,21,0.011,420.9408,225.6849,1.0,52.2227,45.05,-1157.0592
994,0.9,0.65,0.6,130,24,67,1,2,0.5,14,0.013,416.7146,213.9727,1.0,52.6339,50.01,-1157.2854
995,0.9,0.65,0.6,130,24,67,1,2,0.0,14,0.013,416.5827,213.9727,1.0,52.6367,50.01,-1157.4173
996,0.95,0.75,0.5,130,32,39,2,2,0.5,21,0.0205,401.354,182.1892,1.0,51.9905,45.02,-1157.646
997,0.95,0.75,0.6,130,32,24,2,2,0.5,21,0.0205,400.3646,179.4493,1.0,52.1639,45.02,-1158.6354
998,0.95,0.75,0.65,130,24,24,2,2,0.5,14,0.019,402.6552,175.7939,1.0,52.1062,50.0,-1159.3448
999,0.9,0.8,0.6,130,24,24,2,2,0.5,14,0.0125,409.519,185.6861,1.0,53.1261,50.01,-1165.481
1000,0.9,0.8,0.5,130,24,39,2,2,0.5,14,0.0125,406.4426,184.0312,1.0,52.9438,50.01,-1168.5574
1001,0.9,0.8,0.6,130,24,39,1,1,1.0,14,0.0115,406.0786,233.5475,1.0,51.9662,50.01,-1170.9214
1002,0.9,0.75,0.65,130,24,39,1,2,0.5,14,0.0125,403.8157,210.0943,1.0,52.5335,50.01,-1171.1843
1003,0.9,0.75,0.5,130,24,67,1,2,0.5,14,0.013,402.7434,204.6443,1.0,52.1237,50.01,-1171.2566
1004,0.95,0.75,0.55,130,32,32,2,2,0.5,21,0.0205,387.1695,169.4885,1.0,52.0782,45.02,-1171.8305
1005,0.9,0.8,0.6,130,24,32,1,2,0.5,14,0.012,403.9857,211.1436,1.0,52.2509,50.01,-1172.0143
1006,0.9,0.75,0.65,130,24,32,2,2,0.5,14,0.0135,391.2008,174.3628,1.0,53.1272,50.01,-1181.7992
1007,0.9,0.7,0.55,130,24,67,2,2,0.0,14,0.0135,388.2072,171.7084,1.0,52.9144,50.01,-1184.7928
1008,0.9,0.8,0.5,130,32,39,1,1,1.0,21,0.01,390.4031,222.2386,1.0,51.8444,45.05,-1189.5969
1009,0.9,0.8,0.5,130,32,32,1,2,1.0,21,0.01,385.3955,207.2509,1.0,51.9791,45.05,-1194.6045
1010,0.9,0.65,0.6,130,32,67,2,1,0.5,21,0.0125,374.069,206.573,1.0,52.3257,45.05,-1200.931
1011,0.9,0.65,0.6,130,24,67,2,1,0.5,14,0.0135,370.3614,209.2988,1.0,52.1333,50.01,-1202.6386
1012,0.9,0.8,0.5,130,32,32,1,1,1.0,21,0.01,372.342,204.9369,1.0,51.815,45.05,-1207.658
1013,0.9,0.8,0.5,130,24,39,1,2,1.0,14,0.012,364.5003,180.0067,1.0,51.8813,50.01,-1211.4997
1014,0.9,0.75,0.6,130,24,32,2,2,0.5,14,0.0145,359.2795,150.7434,1.0,52.7919,50.01,-1211.7205
1015,0.9,0.7,0.5,130,24,67,2,2,0.5,14,0.014,347.4046,137.3168,1.0,52.5711,50.01,-1224.5954
1016,0.9,0.8,0.55,130,24,32,1,2,1.0,14,0.012,349.5561,168.3278,1.0,51.9929,50.01,-1226.4439
1017,0.9,0.65,0.55,130,32,67,1,2,0.5,21,0.0125,326.8552,143.1571,1.0,52.191,45.05,-1248.1448
1018,0.9,0.65,0.55,130,24,67,1,2,0.5,14,0.013,324.9629,138.847,1.0,52.1186,50.01,-1249.0371
1019,0.9,0.7,0.5,130,24,67,1,2,0.5,14,0.014,322.0781,135.1967,1.0,51.9305,50.01,-1249.9219
1020,0.9,0.65,0.5,130,32,67,2,2,0.5,21,0.014,314.37,115.264,1.0,52.4009,45.05,-1257.63
1021,0.9,0.65,0.5,130,24,67,2,2,0.5,14,0.014,304.8253,106.2617,1.0,52.2137,50.01,-1267.1747
