day,S,H,Flr,W,Pi,V,breach,depth,K_L,K_S1,T_L_rem,T_S1_rem,tS,tL,roll_count,breach_days,depth_sum,event
1,135.6220530854422,135.6220530854422,106.82400000000001,-7.679499999999983,4.450575931661694,132.3931290171039,0,0.0,153.55949999999999,53.412000000000006,33,1013,1,1,0,0,0.0,
2,160.22601899821547,160.22601899821547,106.82400000000001,-7.679499999999983,-0.7335037582058135,151.81301524000966,0,0.0,153.55949999999999,53.412000000000006,32,1012,2,2,0,0,0.0,
3,159.67182283804743,160.22601899821547,106.82400000000001,-7.679499999999983,-0.9469781662105348,151.04534467183692,0,0.0,153.55949999999999,53.412000000000006,31,1011,3,3,0,0,0.0,
4,159.09040031560048,160.22601899821547,106.82400000000001,-7.679499999999983,-1.1587547828435643,150.2521455327569,0,0.0,153.55949999999999,53.412000000000006,30,1010,4,4,0,0,0.0,
5,161.38051417080263,161.38051417080263,106.82400000000001,-7.679499999999983,-1.393758190241826,152.3072559805608,0,0.0,153.55949999999999,53.412000000000006,29,1009,5,5,0,0,0.0,
6,175.65547987949466,175.65547987949466,106.82400000000001,-7.679499999999983,-5.687950998119901,162.28802888137477,0,0.0,153.55949999999999,53.412000000000006,28,1008,6,6,0,0,0.0,
7,181.43805169709375,181.43805169709375,106.82400000000001,-7.679499999999983,-7.569456419418012,166.18909527767576,0,0.0,153.55949999999999,53.412000000000006,27,1007,7,7,0,0,0.0,
8,202.27954835848976,202.27954835848976,106.82400000000001,-7.679499999999983,-10.854237300765936,183.74581105772384,0,0.0,153.55949999999999,53.412000000000006,26,1006,8,8,0,0,0.0,
9,203.25430625044015,203.25430625044015,106.82400000000001,-7.679499999999983,-11.042617009621399,184.53218924081875,0,0.0,153.55949999999999,53.412000000000006,25,1005,9,9,0,0,0.0,
10,198.56946403071854,203.25430625044015,106.82400000000001,-7.679499999999983,-10.921032094012638,179.9689319367059,0,0.0,153.55949999999999,53.412000000000006,24,1004,10,10,0,0,0.0,
11,201.82104796725307,203.25430625044015,106.82400000000001,-7.679499999999983,-11.234979552006575,182.9065684152465,0,0.0,153.55949999999999,53.412000000000006,23,1003,11,11,0,0,0.0,
12,200.38813804069224,203.25430625044015,106.82400000000001,-7.679499999999983,-11.289368044100613,181.41926999659165,0,0.0,153.55949999999999,53.412000000000006,22,1002,12,12,0,0,0.0,
13,202.69769426953528,203.25430625044015,106.82400000000001,-7.679499999999983,-11.555184644597992,183.46300962493729,0,0.0,153.55949999999999,53.412000000000006,21,1001,13,13,0,0,0.0,
14,204.226784799269,204.226784799269,106.82400000000001,-7.679499999999983,-11.579875807765234,184.9674089915038,0,0.0,153.55949999999999,53.412000000000006,20,1000,14,14,0,0,0.0,
15,217.97301383240426,217.97301383240426,106.82400000000001,-7.679499999999983,-11.103049221548337,199.19046461085594,0,0.0,153.55949999999999,53.412000000000006,19,999,15,15,0,0,0.0,
16,217.20503222701012,217.97301383240426,106.82400000000001,-7.679499999999983,-11.091164589099176,198.43436763791095,0,0.0,153.55949999999999,53.412000000000006,18,998,16,16,0,0,0.0,
17,218.68826787714553,218.68826787714553,106.82400000000001,-7.679499999999983,-11.48951041615615,199.5192574609894,0,0.0,153.55949999999999,53.412000000000006,17,997,17,17,0,0,0.0,
18,209.08758234848503,218.68826787714553,106.82400000000001,-7.679499999999983,-11.060164045826928,190.34791830265812,0,0.0,153.55949999999999,53.412000000000006,16,996,18,18,0,0,0.0,
19,206.53996802727815,218.68826787714553,106.82400000000001,-7.679499999999983,-12.004125656262277,186.85634237101587,0,0.0,153.55949999999999,53.412000000000006,15,995,19,19,0,0,0.0,
20,212.82813726544907,218.68826787714553,106.82400000000001,-40.09410739420593,19.03322033491553,191.76725020615868,0,0.0,244.7523578552664,53.412000000000006,34,994,20,0,1,0,0.0,ROLL_L
21,194.43442789189208,218.68826787714553,106.82400000000001,-40.09410739420593,36.153895618416286,190.49421611610245,0,0.0,244.7523578552664,53.412000000000006,33,993,21,1,1,0,0.0,
22,206.52713781697878,218.68826787714553,106.82400000000001,-40.09410739420593,27.20438161388777,193.6374120366606,0,0.0,244.7523578552664,53.412000000000006,32,992,22,2,1,0,0.0,
23,223.85508422313092,223.85508422313092,106.82400000000001,-40.09410739420593,17.527437503258188,201.28841433218318,0,0.0,244.7523578552664,53.412000000000006,31,991,23,3,1,0,0.0,
24,226.3460110680631,226.3460110680631,106.82400000000001,-40.09410739420593,14.324522987104038,200.5764266609612,0,0.0,244.7523578552664,53.412000000000006,30,990,24,4,1,0,0.0,
25,239.62962602924202,239.62962602924202,106.82400000000001,-40.09410739420593,8.694845893612749,208.23036452864883,0,0.0,244.7523578552664,53.412000000000006,29,989,25,5,1,0,0.0,
26,228.14059843573642,239.62962602924202,106.82400000000001,-40.09410739420593,11.764479725906961,199.81097076743745,0,0.0,244.7523578552664,53.412000000000006,28,988,26,6,1,0,0.0,
27,220.24918463536378,239.62962602924202,106.82400000000001,-40.09410739420593,16.020260112150147,196.17533735330798,0,0.0,244.7523578552664,53.412000000000006,27,987,27,7,1,0,0.0,
28,214.69263292282056,239.62962602924202,106.82400000000001,-40.09410739420593,21.057536872405187,195.65606240101982,0,0.0,244.7523578552664,53.412000000000006,26,986,28,8,1,0,0.0,
29,220.72934927927585,239.62962602924202,106.82400000000001,-40.09410739420593,15.479311606898314,196.11455349196822,0,0.0,244.7523578552664,53.412000000000006,25,985,29,9,1,0,0.0,
30,230.93334725624845,239.62962602924202,106.82400000000001,-40.09410739420593,10.58099806232919,201.42023792437172,0,0.0,244.7523578552664,53.412000000000006,24,984,30,10,1,0,0.0,
31,223.27169902852518,239.62962602924202,106.82400000000001,-40.09410739420593,15.113412736277535,198.29100437059677,0,0.0,244.7523578552664,53.412000000000006,23,983,31,11,1,0,0.0,
32,247.88827411256054,247.88827411256054,106.82400000000001,-40.09410739420593,2.7447872345102464,210.53895395286486,0,0.0,244.7523578552664,53.412000000000006,22,982,32,12,1,0,0.0,
33,237.1767115246333,247.88827411256054,106.82400000000001,-40.09410739420593,4.650600299467426,201.73320442989478,0,0.0,244.7523578552664,53.412000000000006,21,981,33,13,1,0,0.0,
34,263.2492219699046,263.2492219699046,106.82400000000001,-40.09410739420593,-4.063129024185939,219.09198555151275,0,0.0,244.7523578552664,53.412000000000006,20,980,34,14,1,0,0.0,
35,264.1329241961903,264.1329241961903,106.82400000000001,-40.09410739420593,-4.746627804738324,219.29218899724603,0,0.0,244.7523578552664,53.412000000000006,19,979,35,15,1,0,0.0,
36,268.8059023141552,268.8059023141552,106.82400000000001,-40.09410739420593,-5.411609643670552,223.30018527627874,0,0.0,244.7523578552664,53.412000000000006,18,978,36,16,1,0,0.0,
37,280.1012545560547,280.1012545560547,106.82400000000001,-40.09410739420593,-8.799014616863019,231.20813254498574,0,0.0,244.7523578552664,53.412000000000006,17,977,37,17,1,0,0.0,
38,278.3430843377062,280.1012545560547,106.82400000000001,-40.09410739420593,-8.912668123925737,229.33630881957455,0,0.0,244.7523578552664,53.412000000000006,16,976,38,18,1,0,0.0,
39,286.36021308673577,286.36021308673577,106.82400000000001,-40.09410739420593,-11.205922967960252,235.0601827245696,0,0.0,244.7523578552664,53.412000000000006,15,975,39,19,1,0,0.0,
40,291.4376661346162,291.4376661346162,106.82400000000001,-81.16713356078014,27.005242639153774,237.27577521298986,0,0.0,335.1533160548086,53.412000000000006,34,974,40,0,2,0,0.0,ROLL_L
41,292.3024581983187,292.3024581983187,106.82400000000001,-81.16713356078014,26.040269605008717,237.17559424254725,0,0.0,335.1533160548086,53.412000000000006,33,973,41,1,2,0,0.0,
42,303.5956829606068,303.5956829606068,106.82400000000001,-81.16713356078014,25.339865725912887,247.76841512573952,0,0.0,335.1533160548086,53.412000000000006,32,972,42,2,2,0,0.0,
43,300.22427308269124,303.5956829606068,106.82400000000001,-81.16713356078014,24.820089379203772,243.87722890111488,0,0.0,335.1533160548086,53.412000000000006,31,971,43,3,2,0,0.0,
44,300.754300994062,303.5956829606068,106.82400000000001,-81.16713356078014,24.231288885544238,243.81845631882612,0,0.0,335.1533160548086,53.412000000000006,30,970,44,4,2,0,0.0,
45,292.40229679496264,303.5956829606068,106.82400000000001,-81.16713356078014,27.865890698837138,239.10105393301964,0,0.0,335.1533160548086,53.412000000000006,29,969,45,5,2,0,0.0,
46,273.40599698684326,303.5956829606068,106.82400000000001,-81.16713356078014,45.42764577772829,237.6665092037914,0,0.0,335.1533160548086,53.412000000000006,28,968,46,6,2,0,0.0,
47,264.5177640831319,303.5956829606068,106.82400000000001,-81.16713356078014,56.15055887476158,239.50118939711334,0,0.0,335.1533160548086,53.412000000000006,27,967,47,7,2,0,0.0,
48,266.3642109202787,303.5956829606068,106.82400000000001,-81.16713356078014,52.74661526972636,237.94369262922493,0,0.0,335.1533160548086,53.412000000000006,26,966,48,8,2,0,0.0,
49,252.89630364727122,303.5956829606068,106.82400000000001,-81.16713356078014,66.95771041978576,238.68688050627685,0,0.0,335.1533160548086,53.412000000000006,25,965,49,9,2,0,0.0,
50,261.5117469783925,303.5956829606068,106.82400000000001,-81.16713356078014,58.706564984993186,239.05117840260556,0,0.0,335.1533160548086,53.412000000000006,24,964,50,10,2,0,0.0,
51,265.49664342351855,303.5956829606068,106.82400000000001,-81.16713356078014,53.452419798827734,237.78192966156615,0,0.0,335.1533160548086,53.412000000000006,23,963,51,11,2,0,0.0,
52,322.62909175134246,322.62909175134246,106.82400000000001,-81.16713356078014,8.075708312391622,249.53766650295393,0,0.0,335.1533160548086,53.412000000000006,22,962,52,12,2,0,0.0,
53,327.54528972588474,327.54528972588474,106.82400000000001,-81.16713356078014,7.4493061717522195,253.82746233685683,0,0.0,335.1533160548086,53.412000000000006,21,961,53,13,2,0,0.0,
54,411.82380362746903,411.82380362746903,106.82400000000001,-81.16713356078014,-16.70547516967548,313.9511948970134,0,0.0,335.1533160548086,53.412000000000006,20,960,54,14,2,0,0.0,
55,436.07468783422195,436.07468783422195,106.82400000000001,-81.16713356078014,-19.93000526602946,334.97754900741234,0,0.0,335.1533160548086,53.412000000000006,19,959,55,15,2,0,0.0,
56,398.3868558762555,436.07468783422195,106.82400000000001,-81.16713356078014,-15.242410288129674,301.97731202734565,0,0.0,335.1533160548086,53.412000000000006,18,958,56,16,2,0,0.0,
57,397.9357952221149,436.07468783422195,106.82400000000001,-81.16713356078014,-15.779913879317244,300.9887477820175,0,0.0,335.1533160548086,53.412000000000006,17,957,57,17,2,0,0.0,
58,388.7859075461641,436.07468783422195,106.82400000000001,-81.16713356078014,-13.787864367547032,293.8309096178369,0,0.0,335.1533160548086,53.412000000000006,16,956,58,18,2,0,0.0,
59,422.93045313771177,436.07468783422195,106.82400000000001,-81.16713356078014,-19.787313046771438,321.9760065301602,0,0.0,335.1533160548086,53.412000000000006,15,955,59,19,2,0,0.0,
60,423.9161319815365,436.07468783422195,106.82400000000001,-141.71133419095912,37.90209805026274,320.10689584084014,0,0.0,487.50355177876696,53.412000000000006,34,954,60,0,3,0,0.0,ROLL_L
61,516.6043014221976,516.6043014221976,106.82400000000001,-141.71133419095912,14.15145244775793,389.04441967899646,0,0.0,487.50355177876696,53.412000000000006,33,953,61,1,3,0,0.0,
62,512.4277726847296,516.6043014221976,106.82400000000001,-141.71133419095912,13.177232856281147,383.8936713500516,0,0.0,487.50355177876696,53.412000000000006,32,952,62,2,3,0,0.0,
63,511.8836472967136,516.6043014221976,106.82400000000001,-141.71133419095912,12.304342462952427,382.4766555687069,0,0.0,487.50355177876696,53.412000000000006,31,951,63,3,3,0,0.0,
64,492.8750473359759,516.6043014221976,106.82400000000001,-141.71133419095912,13.306651490782894,364.4703646357997,0,0.0,487.50355177876696,53.412000000000006,30,950,64,4,3,0,0.0,
65,477.45190363470243,516.6043014221976,106.82400000000001,-141.71133419095912,16.89849329091393,352.6390627346572,0,0.0,487.50355177876696,53.412000000000006,29,949,65,5,3,0,0.0,
66,477.199580661412,516.6043014221976,106.82400000000001,-141.71133419095912,16.180043278264574,351.6682897487175,0,0.0,487.50355177876696,53.412000000000006,28,948,66,6,3,0,0.0,
67,486.0450317948779,516.6043014221976,106.82400000000001,-141.71133419095912,8.936575091621975,353.27027269554077,0,0.0,487.50355177876696,53.412000000000006,27,947,67,7,3,0,0.0,
68,467.0003591115599,516.6043014221976,106.82400000000001,-141.71133419095912,17.33803598182681,342.62706090242756,0,0.0,487.50355177876696,53.412000000000006,26,946,68,8,3,0,0.0,
69,450.86662416143344,516.6043014221976,106.82400000000001,-141.71133419095912,24.902210730310394,334.0575007007847,0,0.0,487.50355177876696,53.412000000000006,25,945,69,9,3,0,0.0,
70,433.6560821021228,516.6043014221976,106.82400000000001,-141.71133419095912,41.0258987165571,332.9706466277208,0,0.0,487.50355177876696,53.412000000000006,24,944,70,10,3,0,0.0,
71,418.1467305008998,516.6043014221976,106.82400000000001,-141.71133419095912,51.68579111284119,328.1211874227819,0,0.0,487.50355177876696,53.412000000000006,23,943,71,11,3,0,0.0,
72,424.44225797293245,516.6043014221976,106.82400000000001,-141.71133419095912,38.93144547825901,321.66236926023237,0,0.0,487.50355177876696,53.412000000000006,22,942,72,12,3,0,0.0,
73,434.8766737052389,516.6043014221976,106.82400000000001,-141.71133419095912,35.749963153508205,328.91530266778796,0,0.0,487.50355177876696,53.412000000000006,21,941,73,13,3,0,0.0,
74,471.7326180888573,516.6043014221976,106.82400000000001,-141.71133419095912,7.71272696144451,337.7340108593427,0,0.0,487.50355177876696,53.412000000000006,20,940,74,14,3,0,0.0,
75,447.52649693690836,516.6043014221976,106.82400000000001,-141.71133419095912,27.350611809882256,333.1657745558315,0,0.0,487.50355177876696,53.412000000000006,19,939,75,15,3,0,0.0,
76,452.491171896604,516.6043014221976,106.82400000000001,-141.71133419095912,17.979927288904708,328.7597649945496,0,0.0,487.50355177876696,53.412000000000006,18,938,76,16,3,0,0.0,
77,451.59219778983476,516.6043014221976,106.82400000000001,-141.71133419095912,19.23784164551172,329.11870524438734,0,0.0,487.50355177876696,53.412000000000006,17,937,77,17,3,0,0.0,
78,457.5398350852477,516.6043014221976,106.82400000000001,-141.71133419095912,16.158034164179632,331.98653505846823,0,0.0,487.50355177876696,53.412000000000006,16,936,78,18,3,0,0.0,
79,474.09198598786077,516.6043014221976,106.82400000000001,-141.71133419095912,5.651766552954282,338.0324183498559,0,0.0,487.50355177876696,53.412000000000006,15,935,79,19,3,0,0.0,
80,472.7917605850256,516.6043014221976,106.82400000000001,-178.20614972039562,39.50950356579325,334.0951144304232,0,0.0,543.7105246727793,53.412000000000006,34,934,80,0,4,0,0.0,ROLL_L
81,489.324868941729,516.6043014221976,106.82400000000001,-178.20614972039562,40.50825308360943,351.6269723049428,0,0.0,543.7105246727793,53.412000000000006,33,933,81,1,4,0,0.0,
82,457.12244905102824,516.6043014221976,106.82400000000001,-178.20614972039562,61.437095057402296,340.3533943880349,0,0.0,543.7105246727793,53.412000000000006,32,932,82,2,4,0,0.0,
83,449.32096191504417,516.6043014221976,106.82400000000001,-178.20614972039562,64.14574260534611,335.2605547999947,0,0.0,543.7105246727793,53.412000000000006,31,931,83,3,4,0,0.0,
84,446.7901515307658,516.6043014221976,106.82400000000001,-178.20614972039562,66.71637157386385,335.30037338423404,0,0.0,543.7105246727793,53.412000000000006,30,930,84,4,4,0,0.0,
85,422.53336139580887,516.6043014221976,106.82400000000001,-178.20614972039562,93.39628288983866,337.72349456525194,0,0.0,543.7105246727793,53.412000000000006,29,929,85,5,4,0,0.0,
86,471.069087824138,516.6043014221976,106.82400000000001,-178.20614972039562,43.56862089791883,336.43155900166124,0,0.0,543.7105246727793,53.412000000000006,28,928,86,6,4,0,0.0,
87,453.8772952650934,516.6043014221976,106.82400000000001,-178.20614972039562,68.8856215001593,344.55676704485705,0,0.0,543.7105246727793,53.412000000000006,27,927,87,7,4,0,0.0,
88,442.4266618996848,516.6043014221976,106.82400000000001,-178.20614972039562,70.85782030525618,335.0783324845454,0,0.0,543.7105246727793,53.412000000000006,26,926,88,8,4,0,0.0,
89,451.0483501895198,516.6043014221976,106.82400000000001,-178.20614972039562,68.9189650420679,341.7611655111921,0,0.0,543.7105246727793,53.412000000000006,25,925,89,9,4,0,0.0,
90,445.5525803136008,516.6043014221976,106.82400000000001,-178.20614972039562,67.2565922278069,334.6030228210121,0,0.0,543.7105246727793,53.412000000000006,24,924,90,10,4,0,0.0,
91,483.7151757997312,516.6043014221976,106.82400000000001,-178.20614972039562,44.242966708014194,349.75199278734976,0,0.0,543.7105246727793,53.412000000000006,23,923,91,11,4,0,0.0,
92,521.1723282475559,521.1723282475559,106.82400000000001,-178.20614972039562,19.611759774451162,362.5779383016115,0,0.0,543.7105246727793,53.412000000000006,22,922,92,12,4,0,0.0,
93,505.93567913077084,521.1723282475559,106.82400000000001,-178.20614972039562,24.9474555559837,352.67698496635893,0,0.0,543.7105246727793,53.412000000000006,21,921,93,13,4,0,0.0,
94,516.19913891022,521.1723282475559,106.82400000000001,-178.20614972039562,25.42373888598927,363.41672807581364,0,0.0,543.7105246727793,53.412000000000006,20,920,94,14,4,0,0.0,
95,482.0640322372056,521.1723282475559,106.82400000000001,-178.20614972039562,40.45895717752453,344.31683969433453,0,0.0,543.7105246727793,53.412000000000006,19,919,95,15,4,0,0.0,
96,502.529091169589,521.1723282475559,106.82400000000001,-178.20614972039562,27.748612086048073,352.07155353524143,0,0.0,543.7105246727793,53.412000000000006,18,918,96,16,4,0,0.0,
97,500.54957934225024,521.1723282475559,106.82400000000001,-178.20614972039562,30.924250467502088,353.2676800893567,0,0.0,543.7105246727793,53.412000000000006,17,917,97,17,4,0,0.0,
98,531.4305925607314,531.4305925607314,106.82400000000001,-178.20614972039562,10.771560998948438,363.9960038392842,0,0.0,543.7105246727793,53.412000000000006,16,916,98,18,4,0,0.0,
99,445.57489214880803,531.4305925607314,106.82400000000001,-178.20614972039562,66.06115461823154,333.429897046644,0,0.0,543.7105246727793,53.412000000000006,15,915,99,19,4,0,0.0,
100,431.61022356253886,531.4305925607314,106.82400000000001,-132.8473821445359,33.546199494633385,332.3090409126363,0,0.0,496.35175709691964,53.412000000000006,34,914,100,0,5,0,0.0,ROLL_L
101,454.2416038852273,531.4305925607314,106.82400000000001,-132.8473821445359,31.478980942808015,352.87320268349936,0,0.0,496.35175709691964,53.412000000000006,33,913,101,1,5,0,0.0,
102,462.4815946338272,531.4305925607314,106.82400000000001,-132.8473821445359,21.199684987531448,350.83389747682276,0,0.0,496.35175709691964,53.412000000000006,32,912,102,2,5,0,0.0,
103,418.960019994007,531.4305925607314,106.82400000000001,-132.8473821445359,52.43641487720025,338.54905272667133,0,0.0,496.35175709691964,53.412000000000006,31,911,103,3,5,0,0.0,
104,440.43503210198253,531.4305925607314,106.82400000000001,-132.8473821445359,34.47767895807476,342.0653289155214,0,0.0,496.35175709691964,53.412000000000006,30,910,104,4,5,0,0.0,
105,445.30039220542596,531.4305925607314,106.82400000000001,-132.8473821445359,28.254702241487877,340.7077123023779,0,0.0,496.35175709691964,53.412000000000006,29,909,105,5,5,0,0.0,
106,440.24077865445486,531.4305925607314,106.82400000000001,-132.8473821445359,36.1174654609319,343.51086197085084,0,0.0,496.35175709691964,53.412000000000006,28,908,106,6,5,0,0.0,
107,454.96254683835076,531.4305925607314,106.82400000000001,-132.8473821445359,27.537190524746755,349.6523552185616,0,0.0,496.35175709691964,53.412000000000006,27,907,107,7,5,0,0.0,
108,472.6690796900539,531.4305925607314,106.82400000000001,-132.8473821445359,17.121336311268678,356.94303385678666,0,0.0,496.35175709691964,53.412000000000006,26,906,108,8,5,0,0.0,
109,478.22829664265106,531.4305925607314,106.82400000000001,-132.8473821445359,8.271415584062268,353.6523300821774,0,0.0,496.35175709691964,53.412000000000006,25,905,109,9,5,0,0.0,
110,479.39234961908375,531.4305925607314,106.82400000000001,-132.8473821445359,7.403460293471568,353.9484277680194,0,0.0,496.35175709691964,53.412000000000006,24,904,110,10,5,0,0.0,
111,469.6521550500094,531.4305925607314,106.82400000000001,-132.8473821445359,15.017685028156095,351.8224579336296,0,0.0,496.35175709691964,53.412000000000006,23,903,111,11,5,0,0.0,
112,459.09721105614295,531.4305925607314,106.82400000000001,-132.8473821445359,17.94808413242201,344.19791304402906,0,0.0,496.35175709691964,53.412000000000006,22,902,112,12,5,0,0.0,
113,464.5907337625066,531.4305925607314,106.82400000000001,-132.8473821445359,13.540588760314115,345.2839403782848,0,0.0,496.35175709691964,53.412000000000006,21,901,113,13,5,0,0.0,
114,442.10749613035654,531.4305925607314,106.82400000000001,-132.8473821445359,33.12271006882175,342.38282405464236,0,0.0,496.35175709691964,53.412000000000006,20,900,114,14,5,0,0.0,
115,421.3664255987987,531.4305925607314,106.82400000000001,-132.8473821445359,45.16454994043141,333.6835933946942,0,0.0,496.35175709691964,53.412000000000006,19,899,115,15,5,0,0.0,
116,440.9071169512913,531.4305925607314,106.82400000000001,-132.8473821445359,32.034918797750244,340.09465360450565,0,0.0,496.35175709691964,53.412000000000006,18,898,116,16,5,0,0.0,
117,437.70730150492193,531.4305925607314,106.82400000000001,-132.8473821445359,30.817598519368495,335.67751787975453,0,0.0,496.35175709691964,53.412000000000006,17,897,117,17,5,0,0.0,
118,425.85412640844027,531.4305925607314,106.82400000000001,-132.8473821445359,42.282859016784215,335.28960328068854,0,0.0,496.35175709691964,53.412000000000006,16,896,118,18,5,0,0.0,
119,444.2420354304249,531.4305925607314,106.82400000000001,-132.8473821445359,23.142723384936943,334.5373766708259,0,0.0,496.35175709691964,53.412000000000006,15,895,119,19,5,0,0.0,
120,441.49016850012174,531.4305925607314,106.82400000000001,-140.44754495741012,31.734461826401052,332.7770853691127,0,0.0,507.71369377514,53.412000000000006,34,894,120,0,6,0,0.0,ROLL_L
121,421.50190078590407,531.4305925607314,106.82400000000001,-140.44754495741012,53.16106388042886,334.2154197089228,0,0.0,507.71369377514,53.412000000000006,33,893,121,1,6,0,0.0,
122,411.28786753197375,531.4305925607314,106.82400000000001,-140.44754495741012,64.05583965627724,334.8961622308409,0,0.0,507.71369377514,53.412000000000006,32,892,122,2,6,0,0.0,
123,415.475940961444,531.4305925607314,106.82400000000001,-140.44754495741012,59.416766318593,334.44516232262686,0,0.0,507.71369377514,53.412000000000006,31,891,123,3,6,0,0.0,
124,454.68711628969385,531.4305925607314,106.82400000000001,-140.44754495741012,27.48176599603903,341.72133732832276,0,0.0,507.71369377514,53.412000000000006,30,890,124,4,6,0,0.0,
125,466.60172840792916,531.4305925607314,106.82400000000001,-140.44754495741012,26.87992294988681,353.03410640040585,0,0.0,507.71369377514,53.412000000000006,29,889,125,5,6,0,0.0,
126,469.2824422156491,531.4305925607314,106.82400000000001,-140.44754495741012,20.6866923945732,349.52158965281217,0,0.0,507.71369377514,53.412000000000006,28,888,126,6,6,0,0.0,
127,386.55180168461476,531.4305925607314,106.82400000000001,-140.44754495741012,91.82698105029422,337.93123777749884,0,0.0,507.71369377514,53.412000000000006,27,887,127,7,6,0,0.0,
128,378.64425078563244,531.4305925607314,106.82400000000001,-140.44754495741012,98.8277271765433,337.0244330047656,0,0.0,507.71369377514,53.412000000000006,26,886,128,8,6,0,0.0,
129,400.2827954097216,531.4305925607314,106.82400000000001,-140.44754495741012,78.29983745966919,338.1350879119807,0,0.0,507.71369377514,53.412000000000006,25,885,129,9,6,0,0.0,
130,422.7668300157831,531.4305925607314,106.82400000000001,-140.44754495741012,58.72628431197835,341.04556937035136,0,0.0,507.71369377514,53.412000000000006,24,884,130,10,6,0,0.0,
131,451.42213889824984,531.4305925607314,106.82400000000001,-140.44754495741012,34.14337733511962,345.11797127595935,0,0.0,507.71369377514,53.412000000000006,23,883,131,11,6,0,0.0,
132,464.842114444338,531.4305925607314,106.82400000000001,-140.44754495741012,22.33949156573823,346.7340610526661,0,0.0,507.71369377514,53.412000000000006,22,882,132,12,6,0,0.0,
133,457.3005035727026,531.4305925607314,106.82400000000001,-140.44754495741012,21.386827054158907,338.2397856694514,0,0.0,507.71369377514,53.412000000000006,21,881,133,13,6,0,0.0,
134,450.97899249980105,531.4305925607314,106.82400000000001,-140.44754495741012,32.161011350349106,342.69245889274004,0,0.0,507.71369377514,53.412000000000006,20,880,134,14,6,0,0.0,
135,440.37180300292073,531.4305925607314,106.82400000000001,-140.44754495741012,31.62926642576916,331.5535244712798,0,0.0,507.71369377514,53.412000000000006,19,879,135,15,6,0,0.0,
136,434.4957875337029,531.4305925607314,106.82400000000001,-140.44754495741012,42.19374572746526,336.2419883037581,0,0.0,507.71369377514,53.412000000000006,18,878,136,16,6,0,0.0,
137,458.6813579236051,531.4305925607314,106.82400000000001,-140.44754495741012,20.162950362629438,338.3967633288244,0,0.0,507.71369377514,53.412000000000006,17,877,137,17,6,0,0.0,
138,448.2383737446039,531.4305925607314,106.82400000000001,-140.44754495741012,27.93146160641158,335.72229039360536,0,0.0,507.71369377514,53.412000000000006,16,876,138,18,6,0,0.0,
139,433.2926628764308,531.4305925607314,106.82400000000001,-140.44754495741012,41.74114444272588,334.5862623617466,0,0.0,507.71369377514,53.412000000000006,15,875,139,19,6,0,0.0,
140,417.9315716332493,531.4305925607314,106.82400000000001,-115.35515856050677,27.59907529671809,330.1754883694606,0,0.0,480.6213073782366,53.412000000000006,34,874,140,0,7,0,0.0,ROLL_L
141,414.5922519617775,531.4305925607314,106.82400000000001,-115.35515856050677,43.08642098423299,342.3235143855037,0,0.0,480.6213073782366,53.412000000000006,33,873,141,1,7,0,0.0,
142,405.05937610010136,531.4305925607314,106.82400000000001,-115.35515856050677,46.72385706612673,336.42807460572135,0,0.0,480.6213073782366,53.412000000000006,32,872,142,2,7,0,0.0,
143,385.49744504909245,531.4305925607314,106.82400000000001,-115.35515856050677,62.41858754617082,332.5608740347565,0,0.0,480.6213073782366,53.412000000000006,31,871,143,3,7,0,0.0,
144,350.40857324349963,531.4305925607314,106.82400000000001,-115.35515856050677,100.20118712706987,335.25460181006275,0,0.0,480.6213073782366,53.412000000000006,30,870,144,4,7,0,0.0,
145,333.1407831832134,531.4305925607314,106.82400000000001,-115.35515856050677,118.85511282304616,336.6407374457528,0,0.0,480.6213073782366,53.412000000000006,29,869,145,5,7,0,0.0,
146,363.5120499864263,531.4305925607314,106.82400000000001,-115.35515856050677,85.84043064749767,333.9973220734172,0,0.0,480.6213073782366,53.412000000000006,28,868,146,6,7,0,0.0,
147,345.1321536598011,531.4305925607314,106.82400000000001,-115.35515856050677,105.64108467709212,335.41807977638643,0,0.0,480.6213073782366,53.412000000000006,27,867,147,7,7,0,0.0,
148,392.8252354369182,531.4305925607314,106.82400000000001,-115.35515856050677,54.001698431425574,331.471775307837,0,0.0,480.6213073782366,53.412000000000006,26,866,148,8,7,0,0.0,
149,389.46975724571087,531.4305925607314,106.82400000000001,-115.35515856050677,62.969033686115424,337.08363237131954,0,0.0,480.6213073782366,53.412000000000006,25,865,149,9,7,0,0.0,
150,435.77616073412446,531.4305925607314,106.82400000000001,-115.35515856050677,19.52127399116044,339.94227616477815,0,0.0,480.6213073782366,53.412000000000006,24,864,150,10,7,0,0.0,
151,422.75253782167476,531.4305925607314,106.82400000000001,-115.35515856050677,29.504792290578777,336.9021715517468,0,0.0,480.6213073782366,53.412000000000006,23,863,151,11,7,0,0.0,
152,439.0773824641085,531.4305925607314,106.82400000000001,-115.35515856050677,18.535741755471577,342.2579656590733,0,0.0,480.6213073782366,53.412000000000006,22,862,152,12,7,0,0.0,
153,419.97359137730376,531.4305925607314,106.82400000000001,-115.35515856050677,28.100935327640748,332.71936814443774,0,0.0,480.6213073782366,53.412000000000006,21,861,153,13,7,0,0.0,
154,419.01486006538914,531.4305925607314,106.82400000000001,-115.35515856050677,27.43321226945917,331.0929137743415,0,0.0,480.6213073782366,53.412000000000006,20,860,154,14,7,0,0.0,
155,436.8356089304393,531.4305925607314,106.82400000000001,-115.35515856050677,17.058308662983457,338.538759032916,0,0.0,480.6213073782366,53.412000000000006,19,859,155,15,7,0,0.0,
156,429.3295851121089,531.4305925607314,106.82400000000001,-115.35515856050677,21.21337614459773,335.1878026961998,0,0.0,480.6213073782366,53.412000000000006,18,858,156,16,7,0,0.0,
157,409.1714727850727,531.4305925607314,106.82400000000001,-115.35515856050677,38.652516038431806,332.46883026299776,0,0.0,480.6213073782366,53.412000000000006,17,857,157,17,7,0,0.0,
158,419.3227757265466,531.4305925607314,106.82400000000001,-115.35515856050677,28.30918672984319,332.276803895883,0,0.0,480.6213073782366,53.412000000000006,16,856,158,18,7,0,0.0,
159,409.01905140649495,531.4305925607314,106.82400000000001,-115.35515856050677,38.8197875359218,332.48368038191,0,0.0,480.6213073782366,53.412000000000006,15,855,159,19,7,0,0.0,
160,422.28371913430686,531.4305925607314,106.82400000000001,-122.36012818672299,25.419063005402876,325.3426539529868,0,0.0,485.62627700445285,53.412000000000006,34,854,160,0,8,0,0.0,ROLL_L
161,413.18977310813244,531.4305925607314,106.82400000000001,-122.36012818672299,45.06696028632474,335.8966052077342,0,0.0,485.62627700445285,53.412000000000006,33,853,161,1,8,0,0.0,
162,399.4814250914446,531.4305925607314,106.82400000000001,-122.36012818672299,50.03571536887338,327.157012273595,0,0.0,485.62627700445285,53.412000000000006,32,852,162,2,8,0,0.0,
163,384.0851627989275,531.4305925607314,106.82400000000001,-122.36012818672299,66.71143516166407,328.43646977386857,0,0.0,485.62627700445285,53.412000000000006,31,851,163,3,8,0,0.0,
164,376.78902713065304,531.4305925607314,106.82400000000001,-122.36012818672299,74.88148687683528,329.3103858207653,0,0.0,485.62627700445285,53.412000000000006,30,850,164,4,8,0,0.0,
165,362.05555751938005,531.4305925607314,106.82400000000001,-122.36012818672299,90.46876889399708,330.16419822665415,0,0.0,485.62627700445285,53.412000000000006,29,849,165,5,8,0,0.0,
166,371.6641536905578,531.4305925607314,106.82400000000001,-122.36012818672299,79.91774790912439,329.2217734129592,0,0.0,485.62627700445285,53.412000000000006,28,848,166,6,8,0,0.0,
167,363.3293290164533,531.4305925607314,106.82400000000001,-122.36012818672299,88.87825204452182,329.8474528742521,0,0.0,485.62627700445285,53.412000000000006,27,847,167,7,8,0,0.0,
168,430.8090884359185,531.4305925607314,106.82400000000001,-122.36012818672299,29.41153245340471,337.86049270260025,0,0.0,485.62627700445285,53.412000000000006,26,846,168,8,8,0,0.0,
169,393.57633683647236,531.4305925607314,106.82400000000001,-122.36012818672299,61.05025176314402,332.26646041289337,0,0.0,485.62627700445285,53.412000000000006,25,845,169,9,8,0,0.0,
170,418.25934721235916,531.4305925607314,106.82400000000001,-122.36012818672299,40.25496477111649,336.15418379675265,0,0.0,485.62627700445285,53.412000000000006,24,844,170,10,8,0,0.0,
171,401.8707168523655,531.4305925607314,106.82400000000001,-122.36012818672299,50.24247977916834,329.7530684448108,0,0.0,485.62627700445285,53.412000000000006,23,843,171,11,8,0,0.0,
172,384.86156196577804,531.4305925607314,106.82400000000001,-122.36012818672299,64.8526895042312,327.35412328328624,0,0.0,485.62627700445285,53.412000000000006,22,842,172,12,8,0,0.0,
173,391.68554246834634,531.4305925607314,106.82400000000001,-122.36012818672299,60.991729654964495,330.31714393658785,0,0.0,485.62627700445285,53.412000000000006,21,841,173,13,8,0,0.0,
174,378.34845267272755,531.4305925607314,106.82400000000001,-122.36012818672299,71.75247693257735,327.7408014185819,0,0.0,485.62627700445285,53.412000000000006,20,840,174,14,8,0,0.0,
175,370.4346922477942,531.4305925607314,106.82400000000001,-122.36012818672299,82.26955801410739,330.3441220751786,0,0.0,485.62627700445285,53.412000000000006,19,839,175,15,8,0,0.0,
176,360.62982470560786,531.4305925607314,106.82400000000001,-122.36012818672299,92.56244823912519,330.83214475801003,0,0.0,485.62627700445285,53.412000000000006,18,838,176,16,8,0,0.0,
177,350.1234623308993,531.4305925607314,106.82400000000001,-122.36012818672299,103.28360195445595,331.0469360986323,0,0.0,485.62627700445285,53.412000000000006,17,837,177,17,8,0,0.0,
178,357.2163112231898,531.4305925607314,106.82400000000001,-122.36012818672299,94.43265498685551,329.28883802332234,0,0.0,485.62627700445285,53.412000000000006,16,836,178,18,8,0,0.0,
179,356.751808679461,531.4305925607314,106.82400000000001,-122.36012818672299,94.84141474815547,329.2330952408935,0,0.0,485.62627700445285,53.412000000000006,15,835,179,19,8,0,0.0,
180,347.41488137677123,531.4305925607314,106.82400000000001,-38.26096476555705,18.872996936423114,328.0269135476373,0,0.0,399.5271135832869,53.412000000000006,34,834,180,0,9,0,0.0,ROLL_L
181,363.5261008660767,531.4305925607314,106.82400000000001,-38.26096476555705,16.69295683529827,341.95809293581794,0,0.0,399.5271135832869,53.412000000000006,33,833,181,1,9,0,0.0,
182,356.2992749543569,531.4305925607314,106.82400000000001,-38.26096476555705,17.58265652996758,335.6209667187675,0,0.0,399.5271135832869,53.412000000000006,32,832,182,2,9,0,0.0,
183,374.617396463852,531.4305925607314,106.82400000000001,-38.26096476555705,8.139768902688992,344.49620060098397,0,0.0,399.5271135832869,53.412000000000006,31,831,183,3,9,0,0.0,
184,357.65676326025977,531.4305925607314,106.82400000000001,-38.26096476555705,16.213321701580135,335.60912019628284,0,0.0,399.5271135832869,53.412000000000006,30,830,184,4,9,0,0.0,
185,345.71714551338,531.4305925607314,106.82400000000001,-38.26096476555705,24.940602834376513,332.3967835821995,0,0.0,399.5271135832869,53.412000000000006,29,829,185,5,9,0,0.0,
186,344.6410985241184,531.4305925607314,106.82400000000001,-38.26096476555705,31.762473086030944,338.14260684459225,0,0.0,399.5271135832869,53.412000000000006,28,828,186,6,9,0,0.0,
187,386.3658189949094,531.4305925607314,106.82400000000001,-38.26096476555705,0.2881419616683729,348.3929961910207,0,0.0,399.5271135832869,53.412000000000006,27,827,187,7,9,0,0.0,
188,413.74030027055494,531.4305925607314,106.82400000000001,-38.26096476555705,-14.28400197893551,361.19533352606237,0,0.0,399.5271135832869,53.412000000000006,26,826,188,8,9,0,0.0,
189,415.08709981059263,531.4305925607314,106.82400000000001,-38.26096476555705,-14.59990822619449,362.2262268188411,0,0.0,399.5271135832869,53.412000000000006,25,825,189,9,9,0,0.0,
190,419.7523416234555,531.4305925607314,106.82400000000001,-38.26096476555705,-15.03643651188644,366.454940346012,0,0.0,399.5271135832869,53.412000000000006,24,824,190,10,9,0,0.0,
191,417.38807715540554,531.4305925607314,106.82400000000001,-38.26096476555705,-15.222646115081442,363.90446627476706,0,0.0,399.5271135832869,53.412000000000006,23,823,191,11,9,0,0.0,
192,411.3038994600236,531.4305925607314,106.82400000000001,-38.26096476555705,-11.306140012094634,361.7367946823719,0,0.0,399.5271135832869,53.412000000000006,22,822,192,12,9,0,0.0,
193,436.884650776311,531.4305925607314,106.82400000000001,-38.26096476555705,-21.632110257740155,376.99157575301376,0,0.0,399.5271135832869,53.412000000000006,21,821,193,13,9,0,0.0,
194,437.1928526687132,531.4305925607314,106.82400000000001,-38.26096476555705,-21.871102043188827,377.0607858599673,0,0.0,399.5271135832869,53.412000000000006,20,820,194,14,9,0,0.0,
195,414.73579809014177,531.4305925607314,106.82400000000001,-38.26096476555705,-15.907572431383386,360.56726089320136,0,0.0,399.5271135832869,53.412000000000006,19,819,195,15,9,0,0.0,
196,391.5067837256435,531.4305925607314,106.82400000000001,-38.26096476555705,-3.7268536546736932,349.5189653054128,0,0.0,399.5271135832869,53.412000000000006,18,818,196,16,9,0,0.0,
197,392.7398044223224,531.4305925607314,106.82400000000001,-38.26096476555705,-4.238646698029818,350.2401929587355,0,0.0,399.5271135832869,53.412000000000006,17,817,197,17,9,0,0.0,
198,377.4561403708142,531.4305925607314,106.82400000000001,-38.26096476555705,4.367407033014743,343.56258263827186,0,0.0,399.5271135832869,53.412000000000006,16,816,198,18,9,0,0.0,
199,400.65367251199564,531.4305925607314,106.82400000000001,-38.26096476555705,-9.655825342843986,352.7368824035946,0,0.0,399.5271135832869,53.412000000000006,15,815,199,19,9,0,0.0,
200,392.8127616242918,531.4305925607314,106.82400000000001,-71.16011845919655,25.1799657988701,346.83260896396536,0,0.0,451.73467586793555,53.412000000000006,34,814,200,0,10,0,0.0,ROLL_L
201,398.7180962818471,531.4305925607314,106.82400000000001,-71.16011845919655,23.87789792506431,351.4358757477149,0,0.0,451.73467586793555,53.412000000000006,33,813,201,1,10,0,0.0,
202,423.51608258754413,531.4305925607314,106.82400000000001,-71.16011845919655,14.378338758307997,366.7343028866556,0,0.0,451.73467586793555,53.412000000000006,32,812,202,2,10,0,0.0,
203,428.5838441861227,531.4305925607314,106.82400000000001,-71.16011845919655,14.234773825847775,371.6584995527739,0,0.0,451.73467586793555,53.412000000000006,31,811,203,3,10,0,0.0,
204,431.7038992772938,531.4305925607314,106.82400000000001,-71.16011845919655,11.781314825673796,372.325095643771,0,0.0,451.73467586793555,53.412000000000006,30,810,204,4,10,0,0.0,
205,416.6479843735573,531.4305925607314,106.82400000000001,-71.16011845919655,20.462367726378623,365.9502336407393,0,0.0,451.73467586793555,53.412000000000006,29,809,205,5,10,0,0.0,
206,424.092918985637,531.4305925607314,106.82400000000001,-71.16011845919655,13.148690815551092,366.0814913419916,0,0.0,451.73467586793555,53.412000000000006,28,808,206,6,10,0,0.0,
207,435.3209040136632,531.4305925607314,106.82400000000001,-71.16011845919655,5.32346858018655,369.4842541346532,0,0.0,451.73467586793555,53.412000000000006,27,807,207,7,10,0,0.0,
208,419.77453659275784,531.4305925607314,106.82400000000001,-71.16011845919655,12.396547012886806,361.0109651464481,0,0.0,451.73467586793555,53.412000000000006,26,806,208,8,10,0,0.0,
209,419.4897242602167,531.4305925607314,106.82400000000001,-71.16011845919655,12.157756555733087,360.48736235675324,0,0.0,451.73467586793555,53.412000000000006,25,805,209,9,10,0,0.0,
210,408.1298837098409,531.4305925607314,106.82400000000001,-71.16011845919655,21.028484984076286,357.9982502347206,0,0.0,451.73467586793555,53.412000000000006,24,804,210,10,10,0,0.0,
211,411.500223536022,531.4305925607314,106.82400000000001,-71.16011845919655,21.02750836461812,361.3676134414436,0,0.0,451.73467586793555,53.412000000000006,23,803,211,11,10,0,0.0,
212,436.8380292255971,531.4305925607314,106.82400000000001,-71.16011845919655,2.6389775848771677,368.3168883512777,0,0.0,451.73467586793555,53.412000000000006,22,802,212,12,10,0,0.0,
213,471.06708094150815,531.4305925607314,106.82400000000001,-71.16011845919655,-12.382576605292382,387.5243858770192,0,0.0,451.73467586793555,53.412000000000006,21,801,213,13,10,0,0.0,
214,467.60638042017666,531.4305925607314,106.82400000000001,-71.16011845919655,-12.595104332943173,383.85115762803696,0,0.0,451.73467586793555,53.412000000000006,20,800,214,14,10,0,0.0,
215,495.0488923583454,531.4305925607314,106.82400000000001,-71.16011845919655,-19.057870415373465,404.8309034837754,0,0.0,451.73467586793555,53.412000000000006,19,799,215,15,10,0,0.0,
216,536.5842603776914,536.5842603776914,106.82400000000001,-71.16011845919655,-29.231114486971975,436.19302743152286,0,0.0,451.73467586793555,53.412000000000006,18,798,216,16,10,0,0.0,
217,544.7071814158018,544.7071814158018,106.82400000000001,-71.16011845919655,-29.943908454759885,443.6031545018453,0,0.0,451.73467586793555,53.412000000000006,17,797,217,17,10,0,0.0,
218,451.4541934257587,544.7071814158018,106.82400000000001,-71.16011845919655,-5.429365500840898,374.86470946572126,0,0.0,451.73467586793555,53.412000000000006,16,796,218,18,10,0,0.0,
219,438.87450616793313,544.7071814158018,106.82400000000001,-71.16011845919655,1.571230572922957,369.28561828165954,0,0.0,451.73467586793555,53.412000000000006,15,795,219,19,10,0,0.0,
220,363.7399009173861,544.7071814158018,106.82400000000001,-39.726328646254956,27.005356266767127,351.01892853789826,0,0.0,418.30088605499395,53.412000000000006,34,794,220,0,11,0,0.0,ROLL_L
221,358.77950733884467,544.7071814158018,106.82400000000001,-39.726328646254956,44.25084094405669,363.3040196366464,0,0.0,418.30088605499395,53.412000000000006,33,793,221,1,11,0,0.0,
222,349.2831355898533,544.7071814158018,106.82400000000001,-39.726328646254956,45.459848314723956,355.0166552583223,0,0.0,418.30088605499395,53.412000000000006,32,792,222,2,11,0,0.0,
223,371.3532843964649,544.7071814158018,106.82400000000001,-39.726328646254956,28.360915285490393,359.9878710357003,0,0.0,418.30088605499395,53.412000000000006,31,791,223,3,11,0,0.0,
224,360.10101421517305,544.7071814158018,106.82400000000001,-39.726328646254956,43.95083776018674,364.32552332910484,0,0.0,418.30088605499395,53.412000000000006,30,790,224,4,11,0,0.0,
225,330.77457666649923,544.7071814158018,106.82400000000001,-39.726328646254956,63.03516144680956,354.08340946705385,0,0.0,418.30088605499395,53.412000000000006,29,789,225,5,11,0,0.0,
226,349.21192805297187,544.7071814158018,106.82400000000001,-39.726328646254956,50.19147433289483,359.6770737396117,0,0.0,418.30088605499395,53.412000000000006,28,788,226,6,11,0,0.0,
227,351.5966038398539,544.7071814158018,106.82400000000001,-39.726328646254956,46.42993861700238,358.30021381060135,0,0.0,418.30088605499395,53.412000000000006,27,787,227,7,11,0,0.0,
228,338.2180159542212,544.7071814158018,106.82400000000001,-39.726328646254956,62.486448330430164,360.9781356383964,0,0.0,418.30088605499395,53.412000000000006,26,786,228,8,11,0,0.0,
229,370.2019606582156,544.7071814158018,106.82400000000001,-39.726328646254956,33.05631849888273,363.5319505108434,0,0.0,418.30088605499395,53.412000000000006,25,785,229,9,11,0,0.0,
230,369.6409963372389,544.7071814158018,106.82400000000001,-39.726328646254956,32.75817192763637,362.6728396186203,0,0.0,418.30088605499395,53.412000000000006,24,784,230,10,11,0,0.0,
231,349.2671938154526,544.7071814158018,106.82400000000001,-39.726328646254956,50.96162578542152,360.50249095461913,0,0.0,418.30088605499395,53.412000000000006,23,783,231,11,11,0,0.0,
232,345.7858680482405,544.7071814158018,106.82400000000001,-39.726328646254956,50.381667094195585,356.4412064961811,0,0.0,418.30088605499395,53.412000000000006,22,782,232,12,11,0,0.0,
233,334.2142123707566,544.7071814158018,106.82400000000001,-39.726328646254956,60.720687089941634,355.2085708144433,0,0.0,418.30088605499395,53.412000000000006,21,781,233,13,11,0,0.0,
234,336.65446268341447,544.7071814158018,106.82400000000001,-39.726328646254956,60.038102596409075,356.9662366335686,0,0.0,418.30088605499395,53.412000000000006,20,780,234,14,11,0,0.0,
235,365.1410523145573,544.7071814158018,106.82400000000001,-39.726328646254956,31.724921236949147,357.13964490525154,0,0.0,418.30088605499395,53.412000000000006,19,779,235,15,11,0,0.0,
236,423.05879929460025,544.7071814158018,106.82400000000001,-39.726328646254956,-1.309340991564838,382.02312965678044,0,0.0,418.30088605499395,53.412000000000006,18,778,236,16,11,0,0.0,
237,446.63239485008137,544.7071814158018,106.82400000000001,-39.726328646254956,-8.53484617037974,398.37122003344666,0,0.0,418.30088605499395,53.412000000000006,17,777,237,17,11,0,0.0,
238,461.7893516503572,544.7071814158018,106.82400000000001,-39.726328646254956,-14.025012589398935,408.0380104147033,0,0.0,418.30088605499395,53.412000000000006,16,776,238,18,11,0,0.0,
239,503.38974477572566,544.7071814158018,106.82400000000001,-39.726328646254956,-22.226099817971164,441.43731631149956,0,0.0,418.30088605499395,53.412000000000006,15,775,239,19,11,0,0.0,
240,488.54730916626727,544.7071814158018,106.82400000000001,-106.41637045706304,42.89601483697821,425.0269535461824,0,0.0,561.8294055412073,53.412000000000006,34,774,240,0,12,0,0.0,ROLL_L
241,499.07711389113877,544.7071814158018,106.82400000000001,-106.41637045706304,42.00973645482942,434.6704798889051,0,0.0,561.8294055412073,53.412000000000006,33,773,241,1,12,0,0.0,
242,469.94923416522107,544.7071814158018,106.82400000000001,-106.41637045706304,67.1342618502548,430.66712555841286,0,0.0,561.8294055412073,53.412000000000006,32,772,242,2,12,0,0.0,
243,434.32809973333826,544.7071814158018,106.82400000000001,-106.41637045706304,100.91620631596594,428.82793559224115,0,0.0,561.8294055412073,53.412000000000006,31,771,243,3,12,0,0.0,
244,405.6069436950215,544.7071814158018,106.82400000000001,-106.41637045706304,131.6282566429803,430.8188298809388,0,0.0,561.8294055412073,53.412000000000006,30,770,244,4,12,0,0.0,
245,412.24877570632,544.7071814158018,106.82400000000001,-106.41637045706304,124.82038733384121,430.6527925830981,0,0.0,561.8294055412073,53.412000000000006,29,769,245,5,12,0,0.0,
246,443.0343048175953,544.7071814158018,106.82400000000001,-106.41637045706304,94.6501887407507,431.2681231012829,0,0.0,561.8294055412073,53.412000000000006,28,768,246,6,12,0,0.0,
247,438.35018809148244,544.7071814158018,106.82400000000001,-106.41637045706304,100.14817432254321,432.0819919569626,0,0.0,561.8294055412073,53.412000000000006,27,767,247,7,12,0,0.0,
248,446.9066550920315,544.7071814158018,106.82400000000001,-106.41637045706304,88.89268897808999,429.3829736130585,0,0.0,561.8294055412073,53.412000000000006,26,766,248,8,12,0,0.0,
249,429.462128907449,544.7071814158018,106.82400000000001,-106.41637045706304,108.15342183747703,431.199180287863,0,0.0,561.8294055412073,53.412000000000006,25,765,249,9,12,0,0.0,
250,428.4288413601159,544.7071814158018,106.82400000000001,-106.41637045706304,112.41457728690627,434.4270481899591,0,0.0,561.8294055412073,53.412000000000006,24,764,250,10,12,0,0.0,
251,355.0825170210478,544.7071814158018,106.82400000000001,-106.41637045706304,185.22042099828963,433.8865675622744,0,0.0,561.8294055412073,53.412000000000006,23,763,251,11,12,0,0.0,
252,387.16875961664044,544.7071814158018,106.82400000000001,-106.41637045706304,152.9628036084991,433.7151927680765,0,0.0,561.8294055412073,53.412000000000006,22,762,252,12,12,0,0.0,
253,365.96750724957286,544.7071814158018,106.82400000000001,-106.41637045706304,175.15004042131577,434.70117721382564,0,0.0,561.8294055412073,53.412000000000006,21,761,253,13,12,0,0.0,
254,363.0025871805716,544.7071814158018,106.82400000000001,-106.41637045706304,178.13484253256544,434.721059256074,0,0.0,561.8294055412073,53.412000000000006,20,760,254,14,12,0,0.0,
255,385.64977087307284,544.7071814158018,106.82400000000001,-106.41637045706304,155.2311860942857,434.4645865102955,0,0.0,561.8294055412073,53.412000000000006,19,759,255,15,12,0,0.0,
256,369.3271665884545,544.7071814158018,106.82400000000001,-106.41637045706304,172.61296228930655,435.52375842069796,0,0.0,561.8294055412073,53.412000000000006,18,758,256,16,12,0,0.0,
257,357.7701076667944,544.7071814158018,106.82400000000001,-106.41637045706304,184.0851517827807,435.43888899251203,0,0.0,561.8294055412073,53.412000000000006,17,757,257,17,12,0,0.0,
258,344.1132584888016,544.7071814158018,106.82400000000001,-106.41637045706304,198.6824001959897,436.37928822772824,0,0.0,561.8294055412073,53.412000000000006,16,756,258,18,12,0,0.0,
259,369.3660041960253,544.7071814158018,106.82400000000001,-106.41637045706304,173.56212622156502,436.51175996052723,0,0.0,561.8294055412073,53.412000000000006,15,755,259,19,12,0,0.0,
260,374.43946068122216,544.7071814158018,106.82400000000001,22.807655300738787,36.82091183449251,434.0680278164535,0,0.0,430.60537978340545,53.412000000000006,34,754,260,0,13,0,0.0,ROLL_L
261,380.5738683234964,544.7071814158018,106.82400000000001,22.807655300738787,35.9017611122218,439.283284736457,0,0.0,430.60537978340545,53.412000000000006,33,753,261,1,13,0,0.0,
262,387.3165046239846,544.7071814158018,106.82400000000001,22.807655300738787,35.012603718754946,445.1367636434783,0,0.0,430.60537978340545,53.412000000000006,32,752,262,2,13,0,0.0,
263,386.9052296022203,544.7071814158018,106.82400000000001,22.807655300738787,34.74483138221841,444.4577162851775,0,0.0,430.60537978340545,53.412000000000006,31,751,263,3,13,0,0.0,
264,415.2982633924538,544.7071814158018,106.82400000000001,22.807655300738787,19.94124190906874,458.0471606022614,0,0.0,430.60537978340545,53.412000000000006,30,750,264,4,13,0,0.0,
265,414.4383566895048,544.7071814158018,106.82400000000001,22.807655300738787,19.71502267821058,456.96103466845415,0,0.0,430.60537978340545,53.412000000000006,29,749,265,5,13,0,0.0,
266,416.84073480125437,544.7071814158018,106.82400000000001,22.807655300738787,19.643303555282664,459.29169365727586,0,0.0,430.60537978340545,53.412000000000006,28,748,266,6,13,0,0.0,
267,417.2420967662617,544.7071814158018,106.82400000000001,22.807655300738787,19.476036987713467,459.5257890547139,0,0.0,430.60537978340545,53.412000000000006,27,747,267,7,13,0,0.0,
268,388.1009339920451,544.7071814158018,106.82400000000001,22.807655300738787,33.695675089850795,444.60426438263465,0,0.0,430.60537978340545,53.412000000000006,26,746,268,8,13,0,0.0,
269,379.3848141642682,544.7071814158018,106.82400000000001,22.807655300738787,42.86416707624949,445.05663654125647,0,0.0,430.60537978340545,53.412000000000006,25,745,269,9,13,0,0.0,
270,377.71061040680337,544.7071814158018,106.82400000000001,22.807655300738787,42.45814620089957,442.9764119084417,0,0.0,430.60537978340545,53.412000000000006,24,744,270,10,13,0,0.0,
271,371.410722360849,544.7071814158018,106.82400000000001,22.807655300738787,50.32550230825575,444.5438799698435,0,0.0,430.60537978340545,53.412000000000006,23,743,271,11,13,0,0.0,
272,372.77118775570176,544.7071814158018,106.82400000000001,22.807655300738787,43.97839791418954,439.55724097063006,0,0.0,430.60537978340545,53.412000000000006,22,742,272,12,13,0,0.0,
273,391.51330610156884,544.7071814158018,106.82400000000001,22.807655300738787,33.16120341502841,447.482164817336,0,0.0,430.60537978340545,53.412000000000006,21,741,273,13,13,0,0.0,
274,416.25185212623734,544.7071814158018,106.82400000000001,22.807655300738787,15.65919122180383,454.71869864877993,0,0.0,430.60537978340545,53.412000000000006,20,740,274,14,13,0,0.0,
275,417.71495326159703,544.7071814158018,106.82400000000001,22.807655300738787,15.813498040435132,456.33610660277094,0,0.0,430.60537978340545,53.412000000000006,19,739,275,15,13,0,0.0,
276,401.54795974430954,544.7071814158018,106.82400000000001,22.807655300738787,24.743577650667167,449.09919269571554,0,0.0,430.60537978340545,53.412000000000006,18,738,276,16,13,0,0.0,
277,395.5361108322836,544.7071814158018,106.82400000000001,22.807655300738787,32.02567018482017,450.3694363178426,0,0.0,430.60537978340545,53.412000000000006,17,737,277,17,13,0,0.0,
278,408.7724622710951,544.7071814158018,106.82400000000001,22.807655300738787,22.82573038138057,454.40584795321445,0,0.0,430.60537978340545,53.412000000000006,16,736,278,18,13,0,0.0,
279,411.37573381512095,544.7071814158018,106.82400000000001,22.807655300738787,20.83456304983526,455.017952165695,0,0.0,430.60537978340545,53.412000000000006,15,735,279,19,13,0,0.0,
280,390.26671894130743,544.7071814158018,106.82400000000001,8.842791084734301,42.94258860893784,442.0520986349796,0,0.0,448.8067267825035,53.412000000000006,34,734,280,0,14,0,0.0,ROLL_L
281,392.7441613101432,544.7071814158018,106.82400000000001,8.842791084734301,41.5597618461194,443.1467142409969,0,0.0,448.8067267825035,53.412000000000006,33,733,281,1,14,0,0.0,
282,417.91029278471007,544.7071814158018,106.82400000000001,8.842791084734301,33.38358263838519,460.13666650782955,0,0.0,448.8067267825035,53.412000000000006,32,732,282,2,14,0,0.0,
283,395.31687159631844,544.7071814158018,106.82400000000001,8.842791084734301,44.00304377163644,448.1627064526892,0,0.0,448.8067267825035,53.412000000000006,31,731,283,3,14,0,0.0,
284,405.0352738212303,544.7071814158018,106.82400000000001,8.842791084734301,40.78259010354559,454.6606550095102,0,0.0,448.8067267825035,53.412000000000006,30,730,284,4,14,0,0.0,
285,427.50217484622397,544.7071814158018,106.82400000000001,8.842791084734301,33.205347538231756,469.55031346919003,0,0.0,448.8067267825035,53.412000000000006,29,729,285,5,14,0,0.0,
286,426.5979227720031,544.7071814158018,106.82400000000001,8.842791084734301,32.820959035006204,468.26167289174356,0,0.0,448.8067267825035,53.412000000000006,28,728,286,6,14,0,0.0,
287,446.05050217543925,544.7071814158018,106.82400000000001,8.842791084734301,20.255590632668056,475.1488838928416,0,0.0,448.8067267825035,53.412000000000006,27,727,287,7,14,0,0.0,
288,488.14719832968933,544.7071814158018,106.82400000000001,8.842791084734301,5.742301068336257,502.7322904827599,0,0.0,448.8067267825035,53.412000000000006,26,726,288,8,14,0,0.0,
289,531.0180018882655,544.7071814158018,106.82400000000001,8.842791084734301,-2.188711010584395,537.6720819624155,0,0.0,448.8067267825035,53.412000000000006,25,725,289,9,14,0,0.0,
290,529.2129240074263,544.7071814158018,106.82400000000001,8.842791084734301,-2.2768473355080427,535.7788677566526,0,0.0,448.8067267825035,53.412000000000006,24,724,290,10,14,0,0.0,
291,519.1599210150046,544.7071814158018,106.82400000000001,8.842791084734301,1.4828485622332686,529.485560661972,0,0.0,448.8067267825035,53.412000000000006,23,723,291,11,14,0,0.0,
292,473.64657172864656,544.7071814158018,106.82400000000001,8.842791084734301,9.612687855797438,492.1020506691783,0,0.0,448.8067267825035,53.412000000000006,22,722,292,12,14,0,0.0,
293,485.39668983804,544.7071814158018,106.82400000000001,8.842791084734301,4.356906547951011,498.5963874707253,0,0.0,448.8067267825035,53.412000000000006,21,721,293,13,14,0,0.0,
294,500.1158544210733,544.7071814158018,106.82400000000001,8.842791084734301,4.197073781274996,513.1557192870827,0,0.0,448.8067267825035,53.412000000000006,20,720,294,14,14,0,0.0,
295,512.4978440905315,544.7071814158018,106.82400000000001,8.842791084734301,0.36161433012092203,521.7022495053867,0,0.0,448.8067267825035,53.412000000000006,19,719,295,15,14,0,0.0,
296,536.2027518165421,544.7071814158018,106.82400000000001,8.842791084734301,-3.226409770947633,541.8191331303287,0,0.0,448.8067267825035,53.412000000000006,18,718,296,16,14,0,0.0,
297,547.5572400479127,547.5572400479127,106.82400000000001,8.842791084734301,-4.9692877558301625,551.4307433768168,0,0.0,448.8067267825035,53.412000000000006,17,717,297,17,14,0,0.0,
298,580.8895220451699,580.8895220451699,106.82400000000001,8.842791084734301,-8.552541729064638,581.1797714008396,0,0.0,448.8067267825035,53.412000000000006,16,716,298,18,14,0,0.0,
299,633.7313525981286,633.7313525981286,106.82400000000001,8.842791084734301,-11.449878333713272,631.1242653491497,0,0.0,448.8067267825035,53.412000000000006,15,715,299,19,14,0,0.0,
300,617.3864066217396,633.7313525981286,106.82400000000001,-81.38598077403343,77.32404677847762,613.3244726261838,0,0.0,709.9943676150006,53.412000000000006,34,714,300,0,15,0,0.0,ROLL_L
301,673.67236525163,673.67236525163,106.82400000000001,-81.38598077403343,64.5784967677905,656.8648812453871,0,0.0,709.9943676150006,53.412000000000006,33,713,301,1,15,0,0.0,
302,667.9729845017504,673.67236525163,106.82400000000001,-81.38598077403343,63.561346017296394,650.1483497450133,0,0.0,709.9943676150006,53.412000000000006,32,712,302,2,15,0,0.0,
303,676.6284102522612,676.6284102522612,106.82400000000001,-81.38598077403343,63.90805147169829,659.1504809499261,0,0.0,709.9943676150006,53.412000000000006,31,711,303,3,15,0,0.0,
304,657.7749280856101,676.6284102522612,106.82400000000001,-81.38598077403343,63.578827144106924,639.9677744556836,0,0.0,709.9943676150006,53.412000000000006,30,710,304,4,15,0,0.0,
305,671.9521457587109,676.6284102522612,106.82400000000001,-81.38598077403343,62.5191538418794,653.0853188265569,0,0.0,709.9943676150006,53.412000000000006,29,709,305,5,15,0,0.0,
306,640.6756673499489,676.6284102522612,106.82400000000001,-81.38598077403343,73.61153680388628,632.9012233798016,0,0.0,709.9943676150006,53.412000000000006,28,708,306,6,15,0,0.0,
307,671.8619033639434,676.6284102522612,106.82400000000001,-81.38598077403343,61.56366379681668,652.0395863867266,0,0.0,709.9943676150006,53.412000000000006,27,707,307,7,15,0,0.0,
308,635.7081092692528,676.6284102522612,106.82400000000001,-81.38598077403343,74.59676328084257,628.9188917760619,0,0.0,709.9943676150006,53.412000000000006,26,706,308,8,15,0,0.0,
309,663.7256295034314,676.6284102522612,106.82400000000001,-81.38598077403343,60.006766238455135,642.3464149678531,0,0.0,709.9943676150006,53.412000000000006,25,705,309,9,15,0,0.0,
310,696.6161052035533,696.6161052035533,106.82400000000001,-81.38598077403343,49.02100320173744,664.2511276312573,0,0.0,709.9943676150006,53.412000000000006,24,704,310,10,15,0,0.0,
311,670.5832383568231,696.6161052035533,106.82400000000001,-81.38598077403343,59.93256278019302,649.1298203629827,0,0.0,709.9943676150006,53.412000000000006,23,703,311,11,15,0,0.0,
312,648.7830581503617,696.6161052035533,106.82400000000001,-81.38598077403343,72.7913536189499,640.1884309952782,0,0.0,709.9943676150006,53.412000000000006,22,702,312,12,15,0,0.0,
313,636.7833172139273,696.6161052035533,106.82400000000001,-81.38598077403343,71.19490079298916,626.592237232883,0,0.0,709.9943676150006,53.412000000000006,21,701,313,13,15,0,0.0,
314,661.2951465654504,696.6161052035533,106.82400000000001,-81.38598077403343,58.07558404944139,637.9847498408584,0,0.0,709.9943676150006,53.412000000000006,20,700,314,14,15,0,0.0,
315,650.0091430236661,696.6161052035533,106.82400000000001,-81.38598077403343,71.99780579325196,640.6209680428846,0,0.0,709.9943676150006,53.412000000000006,19,699,315,15,15,0,0.0,
316,625.843882522925,696.6161052035533,106.82400000000001,-81.38598077403343,84.20347342511218,628.6613751740038,0,0.0,709.9943676150006,53.412000000000006,18,698,316,16,15,0,0.0,
317,643.2434351596386,696.6161052035533,106.82400000000001,-81.38598077403343,72.42051797736316,634.2779723629683,0,0.0,709.9943676150006,53.412000000000006,17,697,317,17,15,0,0.0,
318,625.7305299307415,696.6161052035533,106.82400000000001,-81.38598077403343,82.49613791554742,626.8406870722554,0,0.0,709.9943676150006,53.412000000000006,16,696,318,18,15,0,0.0,
319,664.4764393718148,696.6161052035533,106.82400000000001,-81.38598077403343,58.79013731019882,641.8805959079801,0,0.0,709.9943676150006,53.412000000000006,15,695,319,19,15,0,0.0,
320,698.638619909984,698.638619909984,106.82400000000001,-138.61808598622292,95.96426842612895,655.98480234989,0,0.0,803.4344128964815,53.412000000000006,34,694,320,0,16,0,0.0,ROLL_L
321,723.6830747626249,723.6830747626249,106.82400000000001,-138.61808598622292,94.36623409754654,679.4312228739485,0,0.0,803.4344128964815,53.412000000000006,33,693,321,1,16,0,0.0,
322,721.4306062232888,723.6830747626249,106.82400000000001,-138.61808598622292,93.58118047234836,676.3937007094142,0,0.0,803.4344128964815,53.412000000000006,32,692,322,2,16,0,0.0,
323,749.289084915284,749.289084915284,106.82400000000001,-138.61808598622292,81.27377806213495,691.944776991196,0,0.0,803.4344128964815,53.412000000000006,31,691,323,3,16,0,0.0,
324,753.8656116329911,753.8656116329911,106.82400000000001,-138.61808598622292,81.42233382036532,696.6698594671335,0,0.0,803.4344128964815,53.412000000000006,30,690,324,4,16,0,0.0,
325,800.8981496617611,800.8981496617611,106.82400000000001,-138.61808598622292,56.801490134733214,719.0815538102713,0,0.0,803.4344128964815,53.412000000000006,29,689,325,5,16,0,0.0,
326,715.8859272886531,800.8981496617611,106.82400000000001,-138.61808598622292,103.3773949472387,680.6452362496689,0,0.0,803.4344128964815,53.412000000000006,28,688,326,6,16,0,0.0,
327,671.4420021405086,800.8981496617611,106.82400000000001,-138.61808598622292,140.57502908084746,673.3989452351332,0,0.0,803.4344128964815,53.412000000000006,27,687,327,7,16,0,0.0,
328,732.5646056839818,800.8981496617611,106.82400000000001,-138.61808598622292,93.00896407518377,686.9554837729427,0,0.0,803.4344128964815,53.412000000000006,26,686,328,8,16,0,0.0,
329,708.9678665670075,800.8981496617611,106.82400000000001,-138.61808598622292,107.81677633306396,678.1665569138486,0,0.0,803.4344128964815,53.412000000000006,25,685,329,9,16,0,0.0,
330,796.1379117713226,800.8981496617611,106.82400000000001,-138.61808598622292,64.75407415894212,722.2738999440418,0,0.0,803.4344128964815,53.412000000000006,24,684,330,10,16,0,0.0,
331,716.2804667078848,800.8981496617611,106.82400000000001,-138.61808598622292,103.23607350936422,680.8984542310261,0,0.0,803.4344128964815,53.412000000000006,23,683,331,11,16,0,0.0,
332,717.1224573975123,800.8981496617611,106.82400000000001,-138.61808598622292,99.3049090782954,677.8092804895848,0,0.0,803.4344128964815,53.412000000000006,22,682,332,12,16,0,0.0,
333,679.5489277133237,800.8981496617611,106.82400000000001,-138.61808598622292,120.38387870103844,661.3147204281393,0,0.0,803.4344128964815,53.412000000000006,21,681,333,13,16,0,0.0,
334,707.5013801951274,800.8981496617611,106.82400000000001,-138.61808598622292,103.57703337495182,672.4603275838563,0,0.0,803.4344128964815,53.412000000000006,20,680,334,14,16,0,0.0,
335,741.2882681176585,800.8981496617611,106.82400000000001,-138.61808598622292,84.7429120395174,687.413094170953,0,0.0,803.4344128964815,53.412000000000006,19,679,335,15,16,0,0.0,
336,804.1126982007753,804.1126982007753,106.82400000000001,-138.61808598622292,48.62415054180087,714.1187627563532,0,0.0,803.4344128964815,53.412000000000006,18,678,336,16,16,0,0.0,
337,902.4085295343807,902.4085295343807,106.82400000000001,-138.61808598622292,22.76171630869859,786.5521598568564,0,0.0,803.4344128964815,53.412000000000006,17,677,337,17,16,0,0.0,
338,981.1152563448607,981.1152563448607,106.82400000000001,-138.61808598622292,12.7300245499587,855.2271949085964,0,0.0,803.4344128964815,53.412000000000006,16,676,338,18,16,0,0.0,
339,992.0325260529986,992.0325260529986,106.82400000000001,-138.61808598622292,10.379773517773774,863.7942135845494,0,0.0,803.4344128964815,53.412000000000006,15,675,339,19,16,0,0.0,
340,986.2652666980815,992.0325260529986,106.82400000000001,-276.82453648918295,144.93470449203318,854.3754347009317,0,0.0,1134.2050567027936,53.412000000000006,34,674,340,0,17,0,0.0,ROLL_L
341,1064.0014108272821,1064.0014108272821,106.82400000000001,-276.82453648918295,124.45165906466809,911.6285334027673,0,0.0,1134.2050567027936,53.412000000000006,33,673,341,1,17,0,0.0,
342,1160.859421193578,1160.859421193578,106.82400000000001,-276.82453648918295,89.12018783977851,973.1550725441737,0,0.0,1134.2050567027936,53.412000000000006,32,672,342,2,17,0,0.0,
343,1167.9497475623325,1167.9497475623325,106.82400000000001,-276.82453648918295,82.86544005477653,973.9906511279261,0,0.0,1134.2050567027936,53.412000000000006,31,671,343,3,17,0,0.0,
344,1175.387847295834,1175.387847295834,106.82400000000001,-276.82453648918295,70.58916327839827,969.1524740850493,0,0.0,1134.2050567027936,53.412000000000006,30,670,344,4,17,0,0.0,
345,1147.0824681569206,1175.387847295834,106.82400000000001,-276.82453648918295,84.30082352357458,954.5587551913122,0,0.0,1134.2050567027936,53.412000000000006,29,669,345,5,17,0,0.0,
346,1200.8564519791792,1200.8564519791792,106.82400000000001,-276.82453648918295,69.22355267122009,993.2554681612163,0,0.0,1134.2050567027936,53.412000000000006,28,668,346,6,17,0,0.0,
347,1202.9903539303405,1202.9903539303405,106.82400000000001,-276.82453648918295,67.89641212141373,994.0622295625712,0,0.0,1134.2050567027936,53.412000000000006,27,667,347,7,17,0,0.0,
348,1206.1327158977113,1206.1327158977113,106.82400000000001,-276.82453648918295,66.61982845627739,995.9280078648057,0,0.0,1134.2050567027936,53.412000000000006,26,666,348,8,17,0,0.0,
349,1115.4060515026185,1206.1327158977113,106.82400000000001,-276.82453648918295,98.2120412200055,936.7935562334411,0,0.0,1134.2050567027936,53.412000000000006,25,665,349,9,17,0,0.0,
350,1066.2491719663558,1206.1327158977113,106.82400000000001,-276.82453648918295,112.5578396468041,901.9824751239769,0,0.0,1134.2050567027936,53.412000000000006,24,664,350,10,17,0,0.0,
351,1115.567112570088,1206.1327158977113,106.82400000000001,-276.82453648918295,93.74745228495239,932.4900283658575,0,0.0,1134.2050567027936,53.412000000000006,23,663,351,11,17,0,0.0,
352,1151.5985252231833,1206.1327158977113,106.82400000000001,-276.82453648918295,73.6791761484813,948.4531648824816,0,0.0,1134.2050567027936,53.412000000000006,22,662,352,12,17,0,0.0,
353,1123.8660342439302,1206.1327158977113,106.82400000000001,-276.82453648918295,85.15439341205564,932.195891166803,0,0.0,1134.2050567027936,53.412000000000006,21,661,353,13,17,0,0.0,
354,1109.6486398805919,1206.1327158977113,106.82400000000001,-276.82453648918295,86.5675758471534,919.3916792385623,0,0.0,1134.2050567027936,53.412000000000006,20,660,354,14,17,0,0.0,
355,1128.0914713614086,1206.1327158977113,106.82400000000001,-276.82453648918295,73.10884610039015,924.3757809726158,0,0.0,1134.2050567027936,53.412000000000006,19,659,355,15,17,0,0.0,
356,1035.5192973323665,1206.1327158977113,106.82400000000001,-276.82453648918295,127.25701848662105,885.9517793298046,0,0.0,1134.2050567027936,53.412000000000006,18,658,356,16,17,0,0.0,
357,1044.612668175417,1206.1327158977113,106.82400000000001,-276.82453648918295,123.67572318787825,891.4638548741123,0,0.0,1134.2050567027936,53.412000000000006,17,657,357,17,17,0,0.0,
358,1008.4793763272952,1206.1327158977113,106.82400000000001,-276.82453648918295,143.89369693489823,875.5485367730105,0,0.0,1134.2050567027936,53.412000000000006,16,656,358,18,17,0,0.0,
359,972.9724442685775,1206.1327158977113,106.82400000000001,-276.82453648918295,167.6842347329387,863.8321425123333,0,0.0,1134.2050567027936,53.412000000000006,15,655,359,19,17,0,0.0,
360,1044.3740107852304,1206.1327158977113,106.82400000000001,-317.14441542130817,153.5186555411566,880.7482509050789,0,0.0,1201.030112403015,53.412000000000006,34,654,360,0,18,0,0.0,ROLL_L
361,1085.243387336974,1206.1327158977113,106.82400000000001,-317.14441542130817,150.7043499985943,918.8033219142601,0,0.0,1201.030112403015,53.412000000000006,33,653,361,1,18,0,0.0,
362,1226.350500359786,1226.350500359786,106.82400000000001,-317.14441542130817,94.20047544166863,1003.4065603801466,0,0.0,1201.030112403015,53.412000000000006,32,652,362,2,18,0,0.0,
363,1237.9096625815662,1237.9096625815662,106.82400000000001,-317.14441542130817,85.7384320109861,1006.5036791712441,0,0.0,1201.030112403015,53.412000000000006,31,651,363,3,18,0,0.0,
364,1130.2219213123926,1237.9096625815662,106.82400000000001,-317.14441542130817,127.8091141452642,940.8866200363486,0,0.0,1201.030112403015,53.412000000000006,30,650,364,4,18,0,0.0,
365,1158.5369447250612,1237.9096625815662,106.82400000000001,-317.14441542130817,107.92526524531958,949.3177945490726,0,0.0,1201.030112403015,53.412000000000006,29,649,365,5,18,0,0.0,
366,1195.6048091733887,1237.9096625815662,106.82400000000001,-317.14441542130817,89.81450340840254,968.2748971604831,0,0.0,1201.030112403015,53.412000000000006,28,648,366,6,18,0,0.0,
367,1190.5601142153266,1237.9096625815662,106.82400000000001,-317.14441542130817,101.52603649241468,974.9417352864332,0,0.0,1201.030112403015,53.412000000000006,27,647,367,7,18,0,0.0,
368,1134.7060707595274,1237.9096625815662,106.82400000000001,-317.14441542130817,122.38270431014854,939.9443596483677,0,0.0,1201.030112403015,53.412000000000006,26,646,368,8,18,0,0.0,
369,1157.2323580132966,1237.9096625815662,106.82400000000001,-317.14441542130817,101.95105683107066,942.0389994230591,0,0.0,1201.030112403015,53.412000000000006,25,645,369,9,18,0,0.0,
370,1263.7704143368885,1263.7704143368885,106.82400000000001,-317.14441542130817,66.77995214555403,1013.4059510611344,0,0.0,1201.030112403015,53.412000000000006,24,644,370,10,18,0,0.0,
371,1254.4861083246797,1263.7704143368885,106.82400000000001,-317.14441542130817,64.75899980239217,1002.1006927057637,0,0.0,1201.030112403015,53.412000000000006,23,643,371,11,18,0,0.0,
372,1283.2412055290733,1283.2412055290733,106.82400000000001,-317.14441542130817,64.30247898122737,1030.3992690889925,0,0.0,1201.030112403015,53.412000000000006,22,642,372,12,18,0,0.0,
373,1340.977408788617,1340.977408788617,106.82400000000001,-317.14441542130817,45.03062740761542,1068.8636207749241,0,0.0,1201.030112403015,53.412000000000006,21,641,373,13,18,0,0.0,
374,1367.8452170375695,1367.8452170375695,106.82400000000001,-317.14441542130817,36.71757944613955,1087.4183810624008,0,0.0,1201.030112403015,53.412000000000006,20,640,374,14,18,0,0.0,
375,1327.4111708800592,1367.8452170375695,106.82400000000001,-317.14441542130817,46.355518091663455,1056.6222735504145,0,0.0,1201.030112403015,53.412000000000006,19,639,375,15,18,0,0.0,
376,1337.9362722773456,1367.8452170375695,106.82400000000001,-317.14441542130817,42.981155975765034,1063.7730128318024,0,0.0,1201.030112403015,53.412000000000006,18,638,376,16,18,0,0.0,
377,1328.816376614971,1367.8452170375695,106.82400000000001,-317.14441542130817,42.471949177917246,1054.14391037158,0,0.0,1201.030112403015,53.412000000000006,17,637,377,17,18,0,0.0,
378,1503.8724417097044,1503.8724417097044,106.82400000000001,-317.14441542130817,17.31691623350244,1204.0449425218987,0,0.0,1201.030112403015,53.412000000000006,16,636,378,18,18,0,0.0,
379,1440.387482426368,1503.8724417097044,106.82400000000001,-317.14441542130817,21.475603720050152,1144.71867072511,0,0.0,1201.030112403015,53.412000000000006,15,635,379,19,18,0,0.0,
380,1381.362376584176,1503.8724417097044,106.82400000000001,-497.4124437071198,203.13912863936312,1087.0890615164194,0,0.0,1588.5667330718022,53.412000000000006,34,634,380,0,19,0,0.0,ROLL_L
381,1442.243066593257,1503.8724417097044,106.82400000000001,-497.4124437071198,200.36974512900395,1145.200368015141,0,0.0,1588.5667330718022,53.412000000000006,33,633,381,1,19,0,0.0,
382,1404.0689902242864,1503.8724417097044,106.82400000000001,-497.4124437071198,202.81254586092666,1109.4690923780931,0,0.0,1588.5667330718022,53.412000000000006,32,632,382,2,19,0,0.0,
383,1417.8041119362622,1503.8724417097044,106.82400000000001,-497.4124437071198,202.37318101412967,1122.764849243272,0,0.0,1588.5667330718022,53.412000000000006,31,631,383,3,19,0,0.0,
384,1452.4481879959112,1503.8724417097044,106.82400000000001,-497.4124437071198,196.7031361739323,1151.7388804627237,0,0.0,1588.5667330718022,53.412000000000006,30,630,384,4,19,0,0.0,
385,1469.6022577880703,1503.8724417097044,106.82400000000001,-497.4124437071198,175.54134128223313,1147.7311553631837,0,0.0,1588.5667330718022,53.412000000000006,29,629,385,5,19,0,0.0,
386,1413.6538994903688,1503.8724417097044,106.82400000000001,-497.4124437071198,216.4963394355647,1132.7377952188137,0,0.0,1588.5667330718022,53.412000000000006,28,628,386,6,19,0,0.0,
387,1351.4076017146353,1503.8724417097044,106.82400000000001,-497.4124437071198,257.0144877695875,1111.009645777103,0,0.0,1588.5667330718022,53.412000000000006,27,627,387,7,19,0,0.0,
388,1238.0478613176736,1503.8724417097044,106.82400000000001,-497.4124437071198,351.21645497484553,1091.8518725853992,0,0.0,1588.5667330718022,53.412000000000006,26,626,388,8,19,0,0.0,
389,1292.2319960964594,1503.8724417097044,106.82400000000001,-497.4124437071198,292.5700964688414,1087.389648858181,0,0.0,1588.5667330718022,53.412000000000006,25,625,389,9,19,0,0.0,
390,1266.542683414112,1503.8724417097044,106.82400000000001,-497.4124437071198,318.3384187145246,1087.4686584215167,0,0.0,1588.5667330718022,53.412000000000006,24,624,390,10,19,0,0.0,
391,1252.365482514395,1503.8724417097044,106.82400000000001,-497.4124437071198,340.2299614891293,1095.1830002964043,0,0.0,1588.5667330718022,53.412000000000006,23,623,391,11,19,0,0.0,
392,1208.9732385948928,1503.8724417097044,106.82400000000001,-497.4124437071198,380.79962886803565,1092.3604237558086,0,0.0,1588.5667330718022,53.412000000000006,22,622,392,12,19,0,0.0,
393,1117.6944457305476,1503.8724417097044,106.82400000000001,-497.4124437071198,469.4505824211337,1089.7325844445616,0,0.0,1588.5667330718022,53.412000000000006,21,621,393,13,19,0,0.0,
394,1059.4258030781377,1503.8724417097044,106.82400000000001,-497.4124437071198,527.2196109892919,1089.23297036031,0,0.0,1588.5667330718022,53.412000000000006,20,620,394,14,19,0,0.0,
395,1118.1350375566487,1503.8724417097044,106.82400000000001,-497.4124437071198,467.3796359434987,1088.1022297930276,0,0.0,1588.5667330718022,53.412000000000006,19,619,395,15,19,0,0.0,
396,1162.8649063330834,1503.8724417097044,106.82400000000001,-497.4124437071198,422.340865296098,1087.7933279220615,0,0.0,1588.5667330718022,53.412000000000006,18,618,396,16,19,0,0.0,
397,1284.4468184686048,1503.8724417097044,106.82400000000001,-497.4124437071198,313.3394738680871,1100.373848629572,0,0.0,1588.5667330718022,53.412000000000006,17,617,397,17,19,0,0.0,
398,1315.0423931689716,1503.8724417097044,106.82400000000001,-497.4124437071198,269.7322064762853,1087.362155938137,0,0.0,1588.5667330718022,53.412000000000006,16,616,398,18,19,0,0.0,
399,1292.7712681874714,1503.8724417097044,106.82400000000001,-497.4124437071198,292.0718093871868,1087.4306338675383,0,0.0,1588.5667330718022,53.412000000000006,15,615,399,19,19,0,0.0,
400,1315.6933960386705,1503.8724417097044,106.82400000000001,-423.89311607978857,193.56866083405,1085.3689407929319,0,0.0,1513.047405444471,53.412000000000006,34,614,400,0,20,0,0.0,ROLL_L
401,1337.9640201751097,1503.8724417097044,106.82400000000001,-423.89311607978857,190.4418260846239,1104.512730179945,0,0.0,1513.047405444471,53.412000000000006,33,613,401,1,20,0,0.0,
402,1339.073858038577,1503.8724417097044,106.82400000000001,-423.89311607978857,193.5124011903109,1108.6931431490993,0,0.0,1513.047405444471,53.412000000000006,32,612,402,2,20,0,0.0,
403,1355.3294429886841,1503.8724417097044,106.82400000000001,-423.89311607978857,186.15491641387777,1117.5912433227734,0,0.0,1513.047405444471,53.412000000000006,31,611,403,3,20,0,0.0,
404,1344.9320665663934,1503.8724417097044,106.82400000000001,-423.89311607978857,200.2096757224813,1121.248626209086,0,0.0,1513.047405444471,53.412000000000006,30,610,404,4,20,0,0.0,
405,1349.013078607635,1503.8724417097044,106.82400000000001,-423.89311607978857,198.4921583601944,1123.6121208880409,0,0.0,1513.047405444471,53.412000000000006,29,609,405,5,20,0,0.0,
406,1347.5883576427045,1503.8724417097044,106.82400000000001,-423.89311607978857,204.4414523137774,1128.1366938766932,0,0.0,1513.047405444471,53.412000000000006,28,608,406,6,20,0,0.0,
407,1282.248238079211,1503.8724417097044,106.82400000000001,-423.89311607978857,243.94598535463535,1102.3011073540579,0,0.0,1513.047405444471,53.412000000000006,27,607,407,7,20,0,0.0,
408,1325.1578178778807,1503.8724417097044,106.82400000000001,-423.89311607978857,208.79537750109517,1110.0600792991872,0,0.0,1513.047405444471,53.412000000000006,26,606,408,8,20,0,0.0,
409,1340.0764353874952,1503.8724417097044,106.82400000000001,-423.89311607978857,209.611587594548,1125.7949069022545,0,0.0,1513.047405444471,53.412000000000006,25,605,409,9,20,0,0.0,
410,1247.612366298226,1503.8724417097044,106.82400000000001,-423.89311607978857,270.8646498877079,1094.5839001061454,0,0.0,1513.047405444471,53.412000000000006,24,604,410,10,20,0,0.0,
411,1269.2750294274686,1503.8724417097044,106.82400000000001,-423.89311607978857,257.11660470883555,1102.4985180565154,0,0.0,1513.047405444471,53.412000000000006,23,603,411,11,20,0,0.0,
412,1248.4599013876887,1503.8724417097044,106.82400000000001,-423.89311607978857,266.2885488315655,1090.8553341394656,0,0.0,1513.047405444471,53.412000000000006,22,602,412,12,20,0,0.0,
413,1227.0842835180765,1503.8724417097044,106.82400000000001,-423.89311607978857,287.3070090477518,1090.4981764860397,0,0.0,1513.047405444471,53.412000000000006,21,601,413,13,20,0,0.0,
414,1309.4140221667974,1503.8724417097044,106.82400000000001,-423.89311607978857,208.63548755659744,1094.1563936436062,0,0.0,1513.047405444471,53.412000000000006,20,600,414,14,20,0,0.0,
415,1246.0467087879329,1503.8724417097044,106.82400000000001,-423.89311607978857,263.477253769361,1085.6308464775052,0,0.0,1513.047405444471,53.412000000000006,19,599,415,15,20,0,0.0,
416,1305.9863235552089,1503.8724417097044,106.82400000000001,-423.89311607978857,221.46904298085482,1103.562250456275,0,0.0,1513.047405444471,53.412000000000006,18,598,416,16,20,0,0.0,
417,1263.1794196087446,1503.8724417097044,106.82400000000001,-423.89311607978857,259.00365944038435,1098.2899629693404,0,0.0,1513.047405444471,53.412000000000006,17,597,417,17,20,0,0.0,
418,1379.4405123390493,1503.8724417097044,106.82400000000001,-423.89311607978857,168.3748101009451,1123.9222063602058,0,0.0,1513.047405444471,53.412000000000006,16,596,418,18,20,0,0.0,
419,1380.1016133608553,1503.8724417097044,106.82400000000001,-423.89311607978857,167.0507423078272,1123.259239588894,0,0.0,1513.047405444471,53.412000000000006,15,595,419,19,20,0,0.0,
420,1356.6199605738577,1503.8724417097044,106.82400000000001,-467.48460424209,199.67921244807135,1088.8145687798392,0,0.0,1560.1129546599363,53.412000000000006,34,594,420,0,21,0,0.0,ROLL_L
421,1301.0275330240054,1503.8724417097044,106.82400000000001,-467.48460424209,260.6225695274856,1094.165498309401,0,0.0,1560.1129546599363,53.412000000000006,33,593,421,1,21,0,0.0,
422,1303.1091914336566,1503.8724417097044,106.82400000000001,-467.48460424209,264.19114489069113,1099.815732082258,0,0.0,1560.1129546599363,53.412000000000006,32,592,422,2,21,0,0.0,
423,1273.4687926540614,1503.8724417097044,106.82400000000001,-467.48460424209,283.07671429054534,1089.0609027025168,0,0.0,1560.1129546599363,53.412000000000006,31,591,423,3,21,0,0.0,
424,1277.2267302494542,1503.8724417097044,106.82400000000001,-467.48460424209,279.3124537857403,1089.0545797931045,0,0.0,1560.1129546599363,53.412000000000006,30,590,424,4,21,0,0.0,
425,1204.9773640486023,1503.8724417097044,106.82400000000001,-467.48460424209,351.7679454196052,1089.2607052261176,0,0.0,1560.1129546599363,53.412000000000006,29,589,425,5,21,0,0.0,
426,1097.4656019685196,1503.8724417097044,106.82400000000001,-467.48460424209,462.1777797462033,1092.1587774726331,0,0.0,1560.1129546599363,53.412000000000006,28,588,426,6,21,0,0.0,
427,1045.022505614864,1503.8724417097044,106.82400000000001,-467.48460424209,512.1767224107948,1089.7146237835689,0,0.0,1560.1129546599363,53.412000000000006,27,587,427,7,21,0,0.0,
428,1065.8612579349958,1503.8724417097044,106.82400000000001,-467.48460424209,491.2833762365192,1089.660029929425,0,0.0,1560.1129546599363,53.412000000000006,26,586,428,8,21,0,0.0,
429,1066.6229218416,1503.8724417097044,106.82400000000001,-467.48460424209,490.52310232996234,1089.6614199294722,0,0.0,1560.1129546599363,53.412000000000006,25,585,429,9,21,0,0.0,
430,1063.6609895314662,1503.8724417097044,106.82400000000001,-467.48460424209,493.49677499491315,1089.6731602842892,0,0.0,1560.1129546599363,53.412000000000006,24,584,430,10,21,0,0.0,
431,951.6871630818683,1503.8724417097044,106.82400000000001,-467.48460424209,605.7848333261774,1089.9873921659557,0,0.0,1560.1129546599363,53.412000000000006,23,583,431,11,21,0,0.0,
432,992.1625245731705,1503.8724417097044,106.82400000000001,-467.48460424209,566.2930869820353,1090.971007313116,0,0.0,1560.1129546599363,53.412000000000006,22,582,432,12,21,0,0.0,
433,970.6553128179481,1503.8724417097044,106.82400000000001,-467.48460424209,586.7704369480642,1089.9411455239224,0,0.0,1560.1129546599363,53.412000000000006,21,581,433,13,21,0,0.0,
434,897.879291520363,1503.8724417097044,106.82400000000001,-467.48460424209,659.750890268425,1090.145577546698,0,0.0,1560.1129546599363,53.412000000000006,20,580,434,14,21,0,0.0,
435,799.8218334170394,1503.8724417097044,106.82400000000001,-467.48460424209,758.0821250565457,1090.4193542314952,0,0.0,1560.1129546599363,53.412000000000006,19,579,435,15,21,0,0.0,
436,760.7414099483385,1503.8724417097044,106.82400000000001,-467.48460424209,796.8468799193338,1090.1036856255823,0,0.0,1560.1129546599363,53.412000000000006,18,578,436,16,21,0,0.0,
437,728.6666514395156,1503.8724417097044,106.82400000000001,-467.48460424209,828.5995251281862,1089.7815723256117,0,0.0,1560.1129546599363,53.412000000000006,17,577,437,17,21,0,0.0,
438,769.3255251971729,1503.8724417097044,106.82400000000001,-467.48460424209,788.3725035097488,1090.2134244648316,0,0.0,1560.1129546599363,53.412000000000006,16,576,438,18,21,0,0.0,
439,858.2624915817468,1503.8724417097044,106.82400000000001,-467.48460424209,699.4913630349157,1090.2692503745725,0,0.0,1560.1129546599363,53.412000000000006,15,575,439,19,21,0,0.0,
440,816.5521374247676,1503.8724417097044,106.82400000000001,151.59339237936376,120.24105749142286,1088.3865872955541,0,0.0,939.0349580384826,53.412000000000006,34,574,440,0,22,0,0.0,ROLL_L
441,854.0192702970752,1503.8724417097044,106.82400000000001,151.59339237936376,118.81693335715902,1124.429596033598,0,0.0,939.0349580384826,53.412000000000006,33,573,441,1,22,0,0.0,
442,844.1908287499512,1503.8724417097044,106.82400000000001,151.59339237936376,116.46448400506905,1112.248705134384,0,0.0,939.0349580384826,53.412000000000006,32,572,442,2,22,0,0.0,
443,821.206942446731,1503.8724417097044,106.82400000000001,151.59339237936376,120.56868494244958,1093.3690197685444,0,0.0,939.0349580384826,53.412000000000006,31,571,443,3,22,0,0.0,
444,827.2084396643099,1503.8724417097044,106.82400000000001,151.59339237936376,123.2490695735861,1102.0509016172598,0,0.0,939.0349580384826,53.412000000000006,30,570,444,4,22,0,0.0,
445,838.7954531111764,1503.8724417097044,106.82400000000001,151.59339237936376,119.61506976829158,1110.0039152588317,0,0.0,939.0349580384826,53.412000000000006,29,569,445,5,22,0,0.0,
446,797.9672338255359,1503.8724417097044,106.82400000000001,151.59339237936376,152.7213787398203,1102.28200494472,0,0.0,939.0349580384826,53.412000000000006,28,568,446,6,22,0,0.0,
447,828.878609955221,1503.8724417097044,106.82400000000001,151.59339237936376,128.90656774358473,1109.3785700781696,0,0.0,939.0349580384826,53.412000000000006,27,567,447,7,22,0,0.0,
448,808.0749545095141,1503.8724417097044,106.82400000000001,151.59339237936376,153.02725391350407,1112.695600802382,0,0.0,939.0349580384826,53.412000000000006,26,566,448,8,22,0,0.0,
449,841.314175184426,1503.8724417097044,106.82400000000001,151.59339237936376,110.23146557075269,1103.1390331345424,0,0.0,939.0349580384826,53.412000000000006,25,565,449,9,22,0,0.0,
450,808.254719201463,1503.8724417097044,106.82400000000001,151.59339237936376,150.54454178790894,1110.3926533687356,0,0.0,939.0349580384826,53.412000000000006,24,564,450,10,22,0,0.0,
451,794.3307219677647,1503.8724417097044,106.82400000000001,151.59339237936376,146.7143760345218,1092.6384903816502,0,0.0,939.0349580384826,53.412000000000006,23,563,451,11,22,0,0.0,
452,806.4959255201268,1503.8724417097044,106.82400000000001,151.59339237936376,147.70567293761695,1105.7949908371074,0,0.0,939.0349580384826,53.412000000000006,22,562,452,12,22,0,0.0,
453,788.134106263373,1503.8724417097044,106.82400000000001,151.59339237936376,156.0107180031308,1095.7382166458676,0,0.0,939.0349580384826,53.412000000000006,21,561,453,13,22,0,0.0,
454,829.7340525890103,1503.8724417097044,106.82400000000001,151.59339237936376,125.1440058479577,1106.4714508163318,0,0.0,939.0349580384826,53.412000000000006,20,560,454,14,22,0,0.0,
455,898.490421947374,1503.8724417097044,106.82400000000001,151.59339237936376,81.04212075553956,1131.1259350822775,0,0.0,939.0349580384826,53.412000000000006,19,559,455,15,22,0,0.0,
456,839.3608586004357,1503.8724417097044,106.82400000000001,151.59339237936376,111.81239265857086,1102.7666436383704,0,0.0,939.0349580384826,53.412000000000006,18,558,456,16,22,0,0.0,
457,846.466859543022,1503.8724417097044,106.82400000000001,151.59339237936376,105.26810229764067,1103.3283542200265,0,0.0,939.0349580384826,53.412000000000006,17,557,457,17,22,0,0.0,
458,773.9691060660871,1503.8724417097044,106.82400000000001,151.59339237936376,162.83262070633978,1088.3951191517906,0,0.0,939.0349580384826,53.412000000000006,16,556,458,18,22,0,0.0,
459,684.4531407535669,1503.8724417097044,106.82400000000001,151.59339237936376,252.0723853172142,1088.118918450145,0,0.0,939.0349580384826,53.412000000000006,15,555,459,19,22,0,0.0,
460,681.960800749424,1503.8724417097044,106.82400000000001,304.3734295560088,99.78161308403703,1086.1158433894698,0,0.0,784.2549208618376,53.412000000000006,34,554,460,0,23,0,0.0,ROLL_L
461,702.5350779743211,1503.8724417097044,106.82400000000001,304.3734295560088,97.21345506808211,1104.121962598412,0,0.0,784.2549208618376,53.412000000000006,33,553,461,1,23,0,0.0,
462,735.4691615875598,1503.8724417097044,106.82400000000001,304.3734295560088,84.80222546347127,1124.64481660704,0,0.0,784.2549208618376,53.412000000000006,32,552,462,2,23,0,0.0,
463,746.3380044227749,1503.8724417097044,106.82400000000001,304.3734295560088,85.18477692775527,1135.896210906539,0,0.0,784.2549208618376,53.412000000000006,31,551,463,3,23,0,0.0,
464,832.9258795127782,1503.8724417097044,106.82400000000001,304.3734295560088,50.356217843420666,1187.6555269122075,0,0.0,784.2549208618376,53.412000000000006,30,550,464,4,23,0,0.0,
465,793.9105507961455,1503.8724417097044,106.82400000000001,304.3734295560088,58.6674845552941,1156.9514649074483,0,0.0,784.2549208618376,53.412000000000006,29,549,465,5,23,0,0.0,
466,765.5169956716992,1503.8724417097044,106.82400000000001,304.3734295560088,70.53040561234829,1140.4208308400562,0,0.0,784.2549208618376,53.412000000000006,28,548,466,6,23,0,0.0,
467,762.9816390180896,1503.8724417097044,106.82400000000001,304.3734295560088,69.48920625038015,1136.8442748244786,0,0.0,784.2549208618376,53.412000000000006,27,547,467,7,23,0,0.0,
468,814.6968469895803,1503.8724417097044,106.82400000000001,304.3734295560088,45.340075048257866,1164.4103515938468,0,0.0,784.2549208618376,53.412000000000006,26,546,468,8,23,0,0.0,
469,819.431868655646,1503.8724417097044,106.82400000000001,304.3734295560088,44.6066024053911,1168.4119006170458,0,0.0,784.2549208618376,53.412000000000006,25,545,469,9,23,0,0.0,
470,820.631999439488,1503.8724417097044,106.82400000000001,304.3734295560088,43.67348319979753,1168.6789121952945,0,0.0,784.2549208618376,53.412000000000006,24,544,470,10,23,0,0.0,
471,785.9268652124292,1503.8724417097044,106.82400000000001,304.3734295560088,51.7714673259991,1142.0717620944372,0,0.0,784.2549208618376,53.412000000000006,23,543,471,11,23,0,0.0,
472,867.2233071707401,1503.8724417097044,106.82400000000001,304.3734295560088,33.738010588976934,1205.334747315726,0,0.0,784.2549208618376,53.412000000000006,22,542,472,12,23,0,0.0,
473,854.2511331048512,1503.8724417097044,106.82400000000001,304.3734295560088,32.311280929257066,1190.935843590117,0,0.0,784.2549208618376,53.412000000000006,21,541,473,13,23,0,0.0,
474,855.7592621419094,1503.8724417097044,106.82400000000001,304.3734295560088,31.444629844690322,1191.5773215426086,0,0.0,784.2549208618376,53.412000000000006,20,540,474,14,23,0,0.0,
475,881.4622811333419,1503.8724417097044,106.82400000000001,304.3734295560088,23.544458386475178,1209.3801690758257,0,0.0,784.2549208618376,53.412000000000006,19,539,475,15,23,0,0.0,
476,961.1136614056982,1503.8724417097044,106.82400000000001,304.3734295560088,13.27244598990357,1278.7595369516107,0,0.0,784.2549208618376,53.412000000000006,18,538,476,16,23,0,0.0,
477,945.4877860324332,1503.8724417097044,106.82400000000001,304.3734295560088,16.552599110211204,1266.4138146986534,0,0.0,784.2549208618376,53.412000000000006,17,537,477,17,23,0,0.0,
478,914.750656113973,1503.8724417097044,106.82400000000001,304.3734295560088,17.469584840304492,1236.5936705102863,0,0.0,784.2549208618376,53.412000000000006,16,536,478,18,23,0,0.0,
479,885.7143124800319,1503.8724417097044,106.82400000000001,304.3734295560088,21.183388046145726,1211.2711300821863,0,0.0,784.2549208618376,53.412000000000006,15,535,479,19,23,0,0.0,
480,1079.3734636131232,1503.8724417097044,106.82400000000001,148.1235237431703,159.17172907250534,1386.668716428799,0,0.0,1241.2794831550916,53.412000000000006,34,534,480,0,24,0,0.0,ROLL_L
481,1072.9479312173646,1503.8724417097044,106.82400000000001,148.1235237431703,180.83065129488992,1401.902106255425,0,0.0,1241.2794831550916,53.412000000000006,33,533,481,1,24,0,0.0,
482,1098.858099183183,1503.8724417097044,106.82400000000001,148.1235237431703,159.18323787411336,1406.1648608004666,0,0.0,1241.2794831550916,53.412000000000006,32,532,482,2,24,0,0.0,
483,1213.3494506444642,1503.8724417097044,106.82400000000001,148.1235237431703,116.08825435435647,1477.561228741991,0,0.0,1241.2794831550916,53.412000000000006,31,531,483,3,24,0,0.0,
484,1201.2133010354864,1503.8724417097044,106.82400000000001,148.1235237431703,113.70925828214529,1463.0460830608022,0,0.0,1241.2794831550916,53.412000000000006,30,530,484,4,24,0,0.0,
485,1167.8553789671985,1503.8724417097044,106.82400000000001,148.1235237431703,131.11227094090407,1447.091173651273,0,0.0,1241.2794831550916,53.412000000000006,29,529,485,5,24,0,0.0,
486,1093.4907018078218,1503.8724417097044,106.82400000000001,148.1235237431703,167.93354511270138,1409.5477706636934,0,0.0,1241.2794831550916,53.412000000000006,28,528,486,6,24,0,0.0,
487,1036.3326431262353,1503.8724417097044,106.82400000000001,148.1235237431703,225.36290716566057,1409.8190740350663,0,0.0,1241.2794831550916,53.412000000000006,27,527,487,7,24,0,0.0,
488,1030.2346358281718,1503.8724417097044,106.82400000000001,148.1235237431703,227.97940316344548,1406.3375627347878,0,0.0,1241.2794831550916,53.412000000000006,26,526,488,8,24,0,0.0,
489,1081.5005869590652,1503.8724417097044,106.82400000000001,148.1235237431703,169.5689887764532,1399.1930994786887,0,0.0,1241.2794831550916,53.412000000000006,25,525,489,9,24,0,0.0,
490,1063.1136294165442,1503.8724417097044,106.82400000000001,148.1235237431703,198.2740605698131,1409.5112137295278,0,0.0,1241.2794831550916,53.412000000000006,24,524,490,10,24,0,0.0,
491,1058.6600830335767,1503.8724417097044,106.82400000000001,148.1235237431703,195.79863410089152,1402.5822408776387,0,0.0,1241.2794831550916,53.412000000000006,23,523,491,11,24,0,0.0,
492,1034.8842883048937,1503.8724417097044,106.82400000000001,148.1235237431703,221.1300718474609,1404.137883895525,0,0.0,1241.2794831550916,53.412000000000006,22,522,492,12,24,0,0.0,
493,1011.0310686815733,1503.8724417097044,106.82400000000001,148.1235237431703,227.77284193112092,1386.9274343558645,0,0.0,1241.2794831550916,53.412000000000006,21,521,493,13,24,0,0.0,
494,983.5665817535388,1503.8724417097044,106.82400000000001,148.1235237431703,255.31098248310377,1387.0010879798128,0,0.0,1241.2794831550916,53.412000000000006,20,520,494,14,24,0,0.0,
495,966.6224451612712,1503.8724417097044,106.82400000000001,148.1235237431703,272.3027922813095,1387.0487611857511,0,0.0,1241.2794831550916,53.412000000000006,19,519,495,15,24,0,0.0,
496,914.954799478455,1503.8724417097044,106.82400000000001,148.1235237431703,324.10223478740824,1387.1805580090336,0,0.0,1241.2794831550916,53.412000000000006,18,518,496,16,24,0,0.0,
497,839.8728073915814,1503.8724417097044,106.82400000000001,148.1235237431703,399.37207234040926,1387.368403475161,0,0.0,1241.2794831550916,53.412000000000006,17,517,497,17,24,0,0.0,
498,872.7394602059776,1503.8724417097044,106.82400000000001,148.1235237431703,368.0288081669626,1388.8917921161105,0,0.0,1241.2794831550916,53.412000000000006,16,516,498,18,24,0,0.0,
499,892.9332455784086,1503.8724417097044,106.82400000000001,148.1235237431703,346.19472431398026,1387.2514936355592,0,0.0,1241.2794831550916,53.412000000000006,15,515,499,19,24,0,0.0,
500,883.2266962712151,1503.8724417097044,106.82400000000001,371.6923061863646,130.36163069679736,1385.280633154377,0,0.0,1015.7107007118973,53.412000000000006,34,514,500,0,25,0,0.0,ROLL_L
501,910.5839520049443,1503.8724417097044,106.82400000000001,371.6923061863646,127.00133210628387,1409.2775902975927,0,0.0,1015.7107007118973,53.412000000000006,33,513,501,1,25,0,0.0,
502,879.0867313676723,1503.8724417097044,106.82400000000001,371.6923061863646,140.07839196280355,1390.8574295168405,0,0.0,1015.7107007118973,53.412000000000006,32,512,502,2,25,0,0.0,
503,850.4191901091692,1503.8724417097044,106.82400000000001,371.6923061863646,173.1240220861263,1395.2355183816603,0,0.0,1015.7107007118973,53.412000000000006,31,511,503,3,25,0,0.0,
504,859.8821513702006,1503.8724417097044,106.82400000000001,371.6923061863646,166.6097088802273,1398.1841664367926,0,0.0,1015.7107007118973,53.412000000000006,30,510,504,4,25,0,0.0,
